frame,z1,z2,z3,z4,z5,z6
233,0.237966988225713,0.2085576410464842,0.1136310855080077,0.0273820574282231,-0.0155236892645733,0.1591550897794573
234,0.2829817956468267,0.1836393271166169,0.0373370035063178,0.0208764341500761,-0.024444709792962,0.0562333550518649
235,0.283272416076751,0.1446280167452974,0.0540101267346817,0.0749019563107934,0.049914062779186,0.1482317394429024
236,0.3195267891919801,0.2160104410281764,0.1066445507292056,0.1001892521772882,0.0269896536627218,0.0849739339179233
237,0.3048064666234351,0.253047657783745,0.1636875522512106,0.0298191325058441,0.0707090362752982,0.1514260054269357
238,0.366137169995342,0.2733142053965856,0.1711569517386383,-0.0270828851783663,0.0486528871873446,0.1419148350691655
239,0.304874582279751,0.2108941849243444,0.1360760504169907,-0.1168369231833117,-0.0613416353740211,0.1124117668418062
240,0.2850395833037973,0.1936637990205616,0.0940043679746476,-0.14487317785341,-0.0686544685934021,-0.003990698348888
241,0.2282042398001182,0.2696493363674868,0.1234870540594586,-0.1623583403479908,-0.0875932704549963,0.0160683500766022
242,0.1936880628917355,0.1893533001624546,0.1981062074637919,-0.0645762038828429,-0.0328223521339558,0.0128407681248862
243,0.1173677201349536,0.1848749923148891,-0.0299407053099523,-0.1280388487770139,-0.1880085118665466,0.0339907377262919
244,0.236821599265366,0.1483433450287719,0.0588500256577748,-0.0801758188836114,-0.0523230540805091,0.0863465643604069
245,0.256349386668849,0.2312364133975426,0.0562038692678551,-0.0305407278076596,-0.0052644488315508,0.0528758454309608
246,0.2962267701329031,0.2063760355350078,0.0639992651951107,0.0028869380478053,-0.0424364492394449,0.0531309308608052
247,0.2505588169259205,0.1650793223075793,0.0180082575513658,0.1521054589568886,0.0418665769279031,0.1316430000600874
248,0.2965463854031903,0.2043041388161663,0.0957809106117214,0.1779466335394077,0.0626376140998547,0.2339352020176884
249,0.1871387504312456,0.2012281643020807,0.0889167699631686,0.1546446158232213,0.0247138956888351,0.1824184846040975
250,0.2266072628730396,0.1951701088890909,0.1325969280852029,0.0688542495618243,0.083756410199306,0.076452358635003
251,0.1621762739878927,0.1360529173475251,0.0909637174125958,0.0751243414748171,0.0428108647852098,0.1181224048013467
252,0.1629457184657476,0.1706472821219044,0.0816732082299151,0.0349858321630293,0.0612408273304154,0.1187229349475778
253,0.0701156575764147,0.0028736466115689,-0.0854632826085158,0.0019511307485002,-0.0161979213336856,-0.0279864214881756
254,0.0484948918776466,0.0232878467927203,-0.1057233289118189,-0.0417193546223342,0.008149133674964,0.136550289241029
255,0.0673639360674232,0.0606342236858291,0.0622829664526233,-0.0416703877184723,-0.006831894304917,0.084144619087268
256,0.0468715106727647,0.0166255438293525,-0.0374506138102193,0.0205697622696046,0.0087474409783304,0.06337146273564
257,0.1855682129051993,0.173742501538677,0.0136203899610262,-0.1169091044870182,-0.1097280441673187,-0.0298710146007759
258,0.1240705992010144,0.0872998510511489,0.1254247018069395,-0.0524189501584735,0.0316132342963144,0.0017368667317815
259,0.2372499586193842,0.2011413927852852,0.10060646372379,-0.1146327542648929,0.0316108572351553,0.027299780607643
260,0.2391656425934623,0.2418793921360293,0.0360224851809722,-0.1481976892166596,-0.1209489297189002,0.059614708146882
261,0.1791902805484088,0.0781509626251077,0.1592181051242885,-0.1029860592064688,-0.1396915159182616,-0.0210282313522663
262,0.2026081558377578,0.1446626275341644,0.0775317071183789,-0.0428472465152628,0.0333371187705896,0.1179961520616032
263,0.2627732212824382,0.1967945022498616,0.1150230866827518,-0.0567346901487705,-0.0597922448391649,0.1464497431664547
264,0.2433896391925103,0.1846025363644469,0.0281958779207636,0.0307944454272657,0.0084826307954763,0.0870767405305794
265,0.3173693123080852,0.2015493618313116,0.0979320659183748,0.0207032096646621,-0.0406804263878236,0.1898097330059908
266,0.3207939885282529,0.2631558632625803,0.1559325782138961,-0.0272052594026576,0.0455947916608676,0.130160796045356
267,0.3313525573690303,0.2749961971841673,0.1237322297258085,-0.093404859433548,-0.060659044027691,0.1430328811939165
268,0.2596450405779661,0.1976542846050623,0.1745726035757266,-0.0927476194084033,-0.1111504495963108,0.0445856050830266
269,0.3005647045792905,0.2123616889053503,0.0491123380301049,-0.0398251979972785,0.0056821915173027,0.0895688821960534
270,0.3902047747798169,0.3851057604742982,0.2438662122291548,-0.003945931358277,0.0321176602311802,0.2516576431838168
271,0.3213007782198372,0.2322093453852471,0.220749107887956,-0.0247339620848113,-0.0457334840595448,0.1077954129505041
272,0.2348735989603658,0.1218977633502985,0.0679252300874662,-0.0142473672954521,-0.0842997789521672,0.0739810340236723
273,0.2507693911816411,0.2590992791548849,0.152515162507232,-0.0394287805816619,-0.11074822558354,0.1696404587940357
274,0.2605151628418625,0.1678986348923276,0.097780419213304,0.0076823695428491,-0.0407551568223469,0.0590638887408164
275,0.2962335929203592,0.1675769486808312,0.1174820737504485,0.0322375659022666,0.037885923041671,0.1133702484490006
276,0.3563983364484181,0.2860482964001624,0.0935396950335736,0.0457141269335058,0.104100147767732,0.1271230677519853
277,0.4415648988573701,0.2909758311897693,0.1446869315799618,-0.0087809663627143,-0.0197109780087509,0.1471166669118687
278,0.4052051510285261,0.2485460619081868,0.1808585397362855,-0.0510404910920988,-0.0865434709418491,0.130697204525234
279,0.3512869859886522,0.1439441155243429,0.0387880714258698,-0.0373362903957629,0.0034963387990633,0.1403131327407761
280,0.2933623826220967,0.1195669883671046,0.0865211866077963,-0.0667960916823742,-0.1192499734303589,0.1414124771810009
281,0.2200345467434409,0.0587651623009471,0.0351493078354042,-0.0960025911061581,-0.0785433525497137,0.068614653475474
282,0.3758432052946239,0.203781949038682,0.0697436193374609,0.0204943527781891,0.0149396375972379,0.0909491860011646
283,0.533698868389421,0.2137868305336047,0.0906747913400719,0.2263007912057447,0.1323842305483743,0.0999851778563744
284,0.5845311030361912,0.1156638760124379,0.0564130304084432,0.2886624491356184,-0.0507305049272159,0.037495054457632
285,0.6894854705873839,0.0654277186113341,0.0031568559743623,0.3851718713474037,-0.0984931865865223,0.0118411599376496
286,0.5570299927505067,0.0927310394930594,-0.0391704759820462,0.312115332557394,0.0700598254779853,0.0040409328375067
287,0.3725499296139319,0.0196290708776442,0.0010871657018271,0.1102166331619002,-0.0771422177181119,-0.0342639608292279
288,0.2368876013843155,0.0233925923006135,-0.080368632820694,-0.0323759764247654,-0.084276436702014,0.0605782477427135
289,0.1628430637773668,0.0391080811737911,0.0027725420284747,-0.1894551157418447,-0.1024543781157322,-0.0028185322868181
290,0.199542574933752,0.1413730527679178,0.1135569929471338,-0.1756638289165675,-0.1406138786489847,0.0284656310550906
291,0.2250191130448405,0.2220481547114174,0.1294312319225053,-0.097005161378854,-0.0726118393785775,-0.0183732650579055
292,0.1984079185527874,0.1455159864995623,0.1325750957424314,-0.180504388273685,-0.175723130446779,-0.011139946432758
293,0.1869521744338198,0.1107817407151991,0.0543465827779941,-0.1346109119324196,-0.1128199021340372,-0.0310897376557822
294,0.1885236786841139,0.1377535073165295,0.04231681782862,-0.076670190733098,-0.0828672645321764,0.0687922391713205
295,0.1169160197372015,0.0878247755798551,0.0708721665137637,-0.0801469492349195,-0.0337441240119136,0.0268655586335053
296,0.0966737147091309,0.0552540176159481,0.0042311943977024,-0.1415443202394282,-0.0330705990406117,0.0084863466011129
297,0.0864719318216735,0.1086252880407597,0.0621605273637966,-0.0600593674449089,-0.0690648149532155,-0.0701321122710294
298,0.0463497765089574,0.1064812790999256,0.0793382921446315,-0.0546936194379263,-0.00393211603416,0.0876449579870142
299,0.0030366704714894,0.0012623111677954,0.0093045449156483,-0.0553678002956352,-0.0871655915582906,-0.0317766468551454
300,0.0096884958427485,0.0624921107932209,0.1283779371574318,-0.0918462119562551,-0.0721638987355691,-0.0778815707626875
301,-0.0086231906348829,0.0104177705091697,0.0098899304800879,-0.0088306448776379,0.0779240854422446,-0.0058050602211135
302,-0.0990721717281049,-0.0755615813534555,-0.020252965905362,-0.0391483932606318,-0.1099702884961256,-0.0235746611444985
303,-0.0633034209492188,-0.0672372399655284,0.0137914167369467,-0.0080230305996696,0.0130961915045347,-0.0235092751657923
304,0.0588162301248018,0.0939052001371953,0.0103359803988355,0.0187444996388606,-0.02093308684764,0.0553609420714796
305,0.0355773727122307,0.0790019833285977,0.0078315882223029,0.0206035418840632,0.0302764941772287,-0.0090349127830021
306,-0.066621491258255,0.0939768955434519,0.0300965099042868,0.032390937944167,0.0570082725342005,-0.0314003671767641
307,0.0413163863946699,0.119533178133747,-0.0050383306022061,-0.0043486340246671,0.0614923586200528,-0.0153671823686583
308,0.0712605504474023,0.1106769801205252,-0.0224258714384909,-0.0653307841370491,-0.0479801163877236,-0.0852215681959778
309,0.0293569043417037,-0.0261741779578622,0.0581520943132106,-0.1065342870788496,-0.1336819485433044,-0.0966509239834409
310,0.0531920860540146,-0.0821028990008737,-0.0860140630283438,-0.0474619448934998,-0.0391432573976485,0.0016283476176506
311,0.1474423547514838,0.1232484295631166,0.1360909894989729,0.0030142483710537,-0.0949299319264622,0.0808094705357422
312,0.0911855175924502,0.0799598086898991,0.0220002058807655,0.0225438093755003,-0.0115791706862097,0.0874187209645082
313,0.1026874081010118,0.0828432550846964,0.0320836824818458,0.0197587120148842,-0.0253508739099987,0.0309050718432938
314,0.1223720560188729,0.1282582522310897,-0.0121248573988666,-0.009238783212052,0.0039482423255138,0.0380603138235451
315,0.1552192350512068,0.114781393389801,-0.0121278960817589,0.0592286804863081,0.0888875117631961,-0.0071145006164994
316,0.3583688831576664,0.1153910450228744,0.0769922893855938,0.0943308848252832,-0.0998736915757963,0.015578712626181
317,0.6393575119171461,0.1382801518402102,0.0195073441882874,0.3166369578640605,-0.060926000367931,0.0844216231648389
318,0.8210537732018731,0.1569342225856636,0.0590318272274082,0.6230619665030955,-0.0098230859382106,0.0577767418939347
319,1.0028402384494663,0.0741720683974514,0.1065346280850146,0.8422406578636845,0.0465870089181786,0.0853666236077416
320,0.8424298004002342,0.0481909479692383,0.0944716232581478,0.6924267420249727,0.0556477700374083,0.1201545733101363
321,0.6174299788959274,0.197094312439007,0.1007832466618346,0.4654908070892423,0.0373979038922232,0.1277558896174741
322,0.422035605700983,0.052513591627698,0.0311485588529481,0.1727341657811625,-0.0332979517396191,0.1046026615446156
323,0.2808250959997417,0.0961347354548092,0.0816693762202227,-0.0538484432708763,-0.0379988835782669,0.0889466927349635
324,0.317763161827586,0.1957893236199909,0.0359493932748162,-0.0858620200711006,-0.0285195145593282,0.1867189425461535
325,0.3141410377806434,0.2799199563113852,0.1448940904920623,-0.0344288277042531,-0.0341903974181996,-0.000140246514428
326,0.2870909026797728,0.2424190408894928,0.1235280740868678,0.0279931820367335,0.0689269154876498,0.1466664471880252
327,0.2959280436563227,0.1898708946145267,0.1091650532743293,-0.0340186034330566,-0.0062939689751225,0.0622956909600604
328,0.2964060668698535,0.1770032592245028,0.0708210543266831,-0.0376362086881945,-0.0115359636588106,0.1041448516609269
329,0.3110118772459646,0.2218604501853084,0.0832850753946025,-0.0323237055451856,-0.0810448106863528,0.0740354658883495
330,0.3258663536611382,0.2307073153477357,0.139474556199406,-0.086894878331643,-0.0598330475809694,0.1562816236993209
331,0.2524931622439716,0.2275260882932688,0.0692245978942189,-0.0764229048104943,-0.0790462174222253,0.0104728217211305
332,0.1916539548810113,0.1518824173745181,0.0721809702495364,-0.050678526449272,0.0108514094761146,0.0809984852325141
333,0.1369161150081934,0.1332128819034673,0.0321158358032144,-0.0230078787354419,-0.0224030797176175,0.0806975269506247
334,0.1361841249715777,0.0786494290156357,0.1243009835192868,-0.0459280124924162,0.0249144735845104,0.0061302246533106
335,0.170886062205085,0.1606973349944946,0.0756680790998283,-0.0497391704392817,-0.0764557430611738,0.0224955998432144
336,0.1696223997471592,0.1621523837001612,0.0859754707635897,0.0215383200821761,-0.0530141529263568,0.0935783050972806
337,0.1469014570241469,0.1712279329163977,0.1054483652461494,-0.0094980506162327,-0.0469508243718124,0.1893238342156611
338,0.1665114651058631,0.0429227540491047,0.0159201193658352,-0.0180061778760168,-0.0467510350328988,0.0258474437408767
339,0.0772775210137478,0.0555819712478967,0.0522547571620563,0.0243617659931219,0.0670705362159232,0.0299460564247694
340,0.1199288189488545,0.1141929067646507,-0.0238087483783887,0.0416695081231404,0.0542447626580548,0.0092376727323399
341,0.0881291907606329,0.1411648788725154,0.0684628429077603,0.087402067309812,0.1168153726181089,0.0518196190812975
342,0.1111489611623747,0.1284788919216385,0.0785206677448741,0.0546661836726333,0.0304213446097172,0.0834194073524932
343,0.1785200247512475,0.0725122606738069,0.0645619403249064,0.0620475051061698,0.0633513472073542,0.169074437797073
344,0.1913208654008082,0.1823940309194947,0.1460388695569661,0.0301245096835763,-0.0522038607563221,0.068095970067938
345,0.3610551322019257,0.0096331467199097,0.0599311802371626,0.1519693790924757,-0.0660746970453563,0.094703645882175
346,0.6820254015699037,0.0977080667874736,5.2862140504136845e-05,0.3884060828115118,-0.0871094963117281,0.0080954287384123
347,1.0154768682674442,0.1477549293339954,0.011477104687744,0.6899174568718904,-0.1069339144148971,-0.0356426148565512
348,1.253792607597077,0.1497958042140725,0.0020620835393838,0.9406924891100904,-0.010912267340258,0.0402971517921136
349,1.0317495769790757,0.1424545267389485,0.0381314497761471,0.753194608912229,-0.0466408990173998,0.0360034585422728
350,0.7354614967282029,0.202326306031767,0.1742253195264385,0.459533946207186,0.0263663740688135,0.1610901347933538
351,0.4238107122722498,0.1151459730418808,0.040520978304019,0.1386242566868331,-0.0601088908397925,0.0506046488179657
352,0.1669025169496539,0.1593794076962373,0.02721005750427,-0.0210942759487706,0.0839007878670693,0.0858291856698068
353,0.0733007056301154,0.0915452361546773,-0.0594687388422186,0.0475868380351441,0.1213757246682268,-0.0213365336562921
354,0.0736055432420834,0.0664931314990502,0.0185773819147759,0.0910811558338642,0.0961158618624239,0.0514141012382764
355,0.1197830989163714,0.0845222315828146,0.0050282374966977,0.1109949372612927,0.0376782452411025,0.0075431084819962
356,0.2857745011123445,0.2463695779942629,0.2140617511221832,0.0856418059899027,0.0839966068675766,0.1739937531843873
357,0.2675928170367687,0.2063152981671885,0.0876626125712359,0.2061507594688314,0.1168349597053873,0.1475914294602533
358,0.1596284919479073,0.0888007087562283,-0.0252290252768213,0.2196127172093634,0.1279246916788204,0.142422049169873
359,0.1156627386892236,0.0800743628598251,0.0357283360384685,0.2289170803981173,0.1358762027672922,0.1054729995301779
360,0.2007069040122162,0.1166648811464264,-0.0220795776852234,0.1841533168218936,0.0866119145303349,0.1482206452482019
361,0.2160602084092192,0.2136603895258186,0.1942310229364492,0.1773088805221237,0.152074705316254,0.0951239788222909
362,0.2554105719720355,0.1563892611868981,0.0678555064130168,0.1678279238373332,0.0242093197871541,0.0832965356350644
363,0.2856398972558852,0.2398864217917832,0.1502216374748196,0.106298933508137,0.0901325241753131,0.1328545604633994
364,0.2629271044854758,0.1912681038809137,0.0202845908097069,0.0155419918095222,0.017784996155812,0.0660612775229203
365,0.2139103123312605,0.1598874500643928,-0.0201637968240741,0.0472709169072005,0.0177115951492591,0.1376418016230952
366,0.2113122283878062,0.1129095411766519,0.0002859377603716,0.0480294353701177,-0.0563530398701645,0.1037136257785357
367,0.1436974008649242,0.079749211359221,0.0884733953279773,0.0177140631654737,0.0557307319957487,0.0598127497246463
368,0.1786439642055104,0.0964894927066497,0.0677588367341207,-0.0022692843718851,-0.0709490770579213,0.1761310199101497
369,0.1604290096140595,0.1741794233846275,0.0425897190258877,0.0128166140284506,0.0904304397570009,0.1121136135694215
370,0.1672563386243668,0.1225979500734366,0.0576894275661003,0.0454771507735776,0.0545459591259849,0.0947080161792147
371,0.1786259726224262,0.1162342769434821,0.018766230522327,0.0380588123883067,0.0909704719119511,0.1615777422294884
372,0.1743743746494102,0.0643140548319291,0.0839002592352254,0.0339268314928131,0.0628553157351491,0.1226783336813418
373,0.129324036066782,0.1615317319539787,0.0523746056556493,-0.0404396800206881,-0.0228030842075659,-0.0336265525077367
374,0.1666141351874765,0.0362509773895908,0.0836767270343105,0.0081295957301,0.0677257920183281,0.068914186985044
375,0.1409707977416592,0.1039811212552451,0.1127487463647096,0.04729701473065,0.0027914035456129,0.0967277152168643
376,0.1750350577240411,0.0446274105672293,-0.026711242073892,0.0174136237596531,0.0491830458190877,0.0307964149609562
377,0.1532629193760363,0.1167630179511864,0.0759785566876166,-0.0585853171986813,-0.0455228156689548,0.0571393911098727
378,0.1536352082795297,0.0633016392490292,0.0843468330730326,-0.0389485833475032,0.0525746515643204,0.0990884390617668
379,0.1657422718995053,0.0678774298535586,0.0373270121114549,-0.0908422750597417,0.0286612512256018,-0.0391625312565323
380,0.2286663104211104,0.1453078125626783,0.1214098895345235,-0.0988886880301796,0.0487149592478391,0.0975907631746123
381,0.2878513019595559,0.1768036112433949,0.0474367938669039,-0.0816073154104329,0.012267426530533,0.0772379280785184
382,0.2023223814254302,0.179855984152424,0.1235010437006722,-0.0903898175452471,-0.0763265887494774,0.0509477866489371
383,0.1492119932641606,0.1022884199689817,0.0025554106318738,-0.0791278330122461,-0.0495140721212757,0.1120288778301613
384,0.1033431200025142,0.0858988554076405,0.0493838918942614,-0.0176341555067464,0.0075462196144587,0.0445339221515344
385,-0.0260224546200277,-0.0117869284320418,-0.0024737548354321,-0.0098638217564665,-0.0181127144011643,-0.0236945862553274
386,0.0179042556237537,-0.0187942012190149,0.0010896301516732,-0.0101266627670246,-0.0384423016493796,-0.027462435310106
387,0.0656038522625349,-0.013206033665854,-0.0710643321703267,-0.0659750602643014,-0.0144733019477256,-0.0008255761529013
388,0.1837467071912,0.1229740569008461,0.1069250695736094,-0.0280760045110156,0.0264195771659925,0.1534669499057733
389,0.225376366592813,0.1383662821114924,0.0540095951404293,0.0451714100490046,0.0305875055029409,0.0150186759014372
390,0.298339667274062,0.2304683592774397,0.1660730247890725,0.0535482245212587,0.091653250292984,0.1835443498405266
391,0.2444842599769116,0.1495137175061179,0.1329567383724799,0.0259882396091378,-0.0371648809293374,0.1040442809107723
392,0.3113341705598678,0.1948851320320649,0.1051160517724428,-0.0038492311405455,-0.0307657193604097,0.1196466548165792
393,0.1632727869561248,0.1082770929779585,0.0769629286943995,-0.0223701514702697,-0.1201887264874819,-0.0057364148729196
394,0.0561701936576525,-0.0631118874254675,0.0328664679919698,0.0799595869267039,-0.0496651691993372,-0.0144497848090345
395,-0.0322968453886508,0.0116833132117964,-0.0884993470537591,-0.0094297875615104,0.028174435622387,-0.0013325054795418
396,-0.0596800817427115,-0.0824352697194942,-0.0725227320448146,0.0434497601416713,0.0940327121126656,0.0207704251172773
397,-0.0798644561170736,-0.0390226431718609,0.057307935074245,-0.0437368065813114,-0.1454142179953478,-0.0652139829536419
398,-0.0281270132615506,-0.0064973196946476,-0.0482337044724257,-0.0305290510944289,-0.0906431457108415,-0.0325542711349834
399,0.0469433480875902,0.0369609676842862,0.1323302423139985,-0.0257616210900638,-0.0020537852514367,-0.0739156957978557
400,0.0353059324852592,0.0251066104562776,0.0464029166975955,-0.0296350783709972,-0.0415048923074714,0.0521270918901632
401,0.0029018429928935,-0.0610171900731011,0.0057042561547366,0.0033678360154297,-0.0582805585104943,0.0062195055342439
402,0.0474758961313167,0.0598449691304272,0.0235037515880297,-0.0178363799939281,-0.0261412152906559,0.0431023630272792
403,0.0326296877933256,0.1026376366424599,0.055928486977934,-0.0186160059882228,0.0383268141496075,0.0141460967531355
404,-0.0509507795448772,-0.0148535576947511,-0.0149609069554209,-0.0669051315581478,0.0472389436010246,-0.0393485651480468
405,-0.0148951705305634,0.0962130922178118,-0.0632084013827625,-0.0624767504006002,0.0301376556767191,-0.055107790970909
406,0.0240593310566391,0.0505896988629743,-0.0950702117768066,-0.0228347233229335,-0.0539094249462828,0.0823368962547696
407,0.0561078378073895,0.0615321308982429,-0.016330344674606,0.0588254107139933,0.0063302606789612,0.0015430938341677
408,0.0764379284415023,0.0395222125025559,0.0329518354545148,0.0961764132126687,0.055661716113015,0.0593115616001755
409,0.0684292111802308,-0.0344189350989415,-0.1044416362477006,0.1816244061181671,0.0909003887482392,0.1068869057787091
410,0.0954545773574795,0.0739267161686558,0.0468663234790144,0.1219921991605263,0.1554106210434938,0.0552495066853833
411,0.0501887673682231,0.0498241068782965,0.053305274616215,0.0800166643020014,0.0461464873082275,0.0013256199827656
412,0.1000678203252271,0.0440867353931033,0.0178663601211962,0.0864116777863736,-0.0969866613939628,0.0833696608513581
413,-0.0607934980864871,0.0271411550792456,0.0238888664955521,0.0593072265294639,-0.007079745699294,0.0456070616793133
414,0.0692253711716611,0.0752919148263078,-0.0141564931041469,0.0503596932122327,-0.0479180143300383,-0.0658608725031782
415,0.0540486451631416,0.099233745055104,0.0027919725880104,0.0770500441616635,-0.0286964023446824,0.0810557347388825
416,0.0443478871883657,0.0568981341099853,-0.0090459417728227,0.059241160916726,0.0253278708717733,0.0722540636193474
417,0.0565127232323631,0.0341297729325672,0.018957773768831,-0.0550086998883993,-0.0593754768870187,-0.0629298592138108
418,0.0296474424940072,0.0703486179756323,0.0480581252372299,-0.0523915555282992,0.0202290236596027,-0.0434160012419001
419,0.0478978386322495,0.0350447777913815,-0.0273264251255692,-0.0020918160054704,-0.0313923746065071,0.0351496097743309
420,-0.0068293101134852,-3.574706593742309e-05,0.0482179714667519,-0.0136284819332119,-0.0872985369292429,-0.0579422407289596
421,0.1015720044969978,0.0609062119742994,0.0755123517996562,-0.0512750889638566,0.0485889797086767,-0.0558440999857716
422,0.1380576248091507,0.0973148490361275,0.0819678300541995,-0.0662491322732256,-0.0207440794792598,0.1342798710364946
423,0.1286194597551433,0.0047380294400648,0.0037110725848895,-0.0449366643773206,0.0012623141037187,0.0938765282905206
424,0.0830882236302561,0.0364388590137688,0.0293783394403884,-0.0357215134283347,-0.0406562748677877,0.102341266089598
425,0.1273187601506308,0.0778842810567742,0.12786980699069,-0.0605774974684139,-0.018419448939373,0.0879108774878758
426,0.1268737816696912,0.0783925659753218,-0.0324623015436611,-0.0224045668102369,-0.0236131682969971,0.0047020388893356
427,-0.010806755740417,-0.0513330065151318,-0.0061210036463854,-0.0733318052140069,0.0326860796793489,-0.1451967424979857
428,-0.0378199074695202,0.032338081668414,0.033078286475844,-0.117399241237364,-0.0553592633899413,0.0038595002680281
429,-0.0440028324656835,-0.0634607737245483,-0.0610766442663755,-0.1236894172812735,-0.1431423314707263,-0.0568121989480819
430,-0.094595492851397,0.0360972465830789,0.0148534802711513,-0.1340466138963085,-0.0657533332409798,0.021928957246406
431,0.231373611032596,0.0735236482589047,0.0946610249541439,0.0498013660463081,-0.2335827342614032,-0.0125723114671469
432,0.5783712686984449,-0.0455423839977239,-0.0031077689604915,0.2905506319383866,-0.2083085015738968,-0.0831788595974266
433,0.9481920442683954,0.0938574045752233,0.0593578724339089,0.6636871655644707,-0.0931782833599771,0.031893690897026
434,1.2054286485287793,0.0778421710744996,0.1269430592672798,0.8338788751179584,-0.2272384491509181,-0.0509144260206085
435,0.9972606968469628,0.1209152933009585,0.1219049623874192,0.6402850064543473,-0.2071150967464882,-0.0911987086232456
436,0.7120628484079119,0.1387519279429185,0.0703100861782823,0.3767059194146358,-0.1886888547971549,0.0270164240421806
437,0.3573356103091086,0.1236283611036876,0.0664511850692441,0.0276928199940774,-0.1509589216945111,0.0195894181058977
438,0.1626227654951076,0.1750228296481977,0.1058560033314827,-0.1627654103360005,0.0049065027631956,0.01546420064621
439,0.1451313896992585,0.0962567038340428,0.0322383763169938,-0.1165966029396701,-0.0803071597137809,0.0495068996263403
440,0.1079265801689547,0.0152490642881077,-0.0687555265102794,-0.0603164485342813,-0.0320579474244453,0.0825060267532978
441,0.0381099599541966,-0.0186497365203665,0.0287273623016035,-0.057545377606943,-0.042024198687411,0.0144974757736011
442,0.0631969114613796,0.0696928966973632,0.1646339703100865,-0.0650182829984211,-0.0834606202036925,-0.0801777044002658
443,-0.0070334177764473,-0.0563332254779479,0.0317809902705724,-0.094080361734606,-0.0145548040223552,0.0082016384190491
444,-0.0667266439733683,-0.0573300399958132,-0.0287403430064976,-0.0546890134541105,-0.0060846559482519,0.0631952976289997
445,-0.1165929215750922,-0.0395424593636112,0.0535013211949057,-0.0529748321086015,-0.107358976410965,-0.0259916453819432
446,0.008083575065365,0.0422793927862836,0.0413007432974691,-0.0100624940050241,-0.0036488241041958,-0.0042628648857175
447,0.0419327809622815,0.0867512812169241,0.0021399887403781,0.0043779852461511,0.0960833303005955,0.0926545134653508
448,0.0310574643317301,-0.0633612494460377,-0.0574307214122285,0.0270380931510262,0.0192720380060993,0.0297699838615671
449,0.0033424376359545,0.024515973686638,0.0400864823578953,0.0439128664022749,0.0940038807055902,0.0367154768894279
450,0.2248415527418907,-0.0374770125282485,-0.1030838994047328,0.2504000524716623,-0.0448360090021659,0.046857491070682
451,0.5907063143583194,0.1343161869706601,-0.0308277163145106,0.5110596896146418,-0.0587540960078752,-0.0175780198202762
452,0.8140253344951088,-0.0761663650091176,-0.0633956104881738,0.8531902403709621,-0.0429573184968237,0.0537555737402103
453,1.053075265835762,-0.0156511484144791,-0.0704677602878663,1.097706162232473,0.0342340271884039,-0.0483357500395869
454,0.834122978857473,0.0900579688840646,0.0904929200941214,0.8837749520462305,-0.0033824528807103,-0.0463808512662934
455,0.5447435604036237,0.0312544140512288,-0.0063376725158258,0.5134942952352538,0.0052898761767773,-0.0044567043840538
456,0.1416046173167135,-0.0732458231707962,-0.0069357694820753,0.0997510501834478,-0.0083116765297342,0.0029205047343675
457,-0.0772907368477465,-0.0081058811065959,-0.0596382136780504,-0.1293647413397107,-0.0481492602034432,-0.1079144654542245
458,-0.043041918907147,-0.118190660194238,-0.0813638785728286,-0.1782395575420804,-0.1205271297754026,-0.091268951925968
459,0.0411795004239877,0.067480344370709,-0.0716812503635522,-0.1680493296864071,-0.1129144590668634,-0.0234276102468259
460,0.0031122277623253,-0.041902012325154,-0.0748699901988553,-0.2077829307878389,-0.0339009857552661,-0.0786210505583138
461,-0.02956691452081,-0.0171585911670757,-0.0877604696131923,-0.1673566954459014,-0.0678972565552805,-0.1093053259090224
462,-0.0433199402314736,0.0004293923039105,-0.089856648371795,-0.0562943496736972,-0.0518136479368384,0.0560108261886993
463,-0.0499374311774919,-0.0248295857598908,0.0052913558770099,-0.0447564352742957,-0.1385312286176019,-0.0442677954806882
464,-0.005653788680914,-0.0494550596283077,-0.0637801967344752,-0.0714707610142634,-0.0521588360890736,0.0367380308918732
465,-0.0682666888088509,-0.0467113776053191,-0.0523460418336993,0.0261668918907,0.0856895955689998,-0.0395298752397402
466,-0.0905171466458569,-0.0808504999916989,-0.0063195757879673,0.0253491156332295,0.0499691783981278,0.0795717751939445
467,-0.1030924482181819,-0.1295439074764948,-0.1210505984411424,-0.0027329442141336,0.0510887507188577,-0.0217394966264224
468,-0.0049046453505215,0.0263011390899044,-0.0118432743122928,0.0003281364719167,-0.0017567059595471,-0.1012726344399095
469,0.007286316096166,-0.0194617207569344,-0.0057753922748295,0.0509071486262749,0.0231271433923343,-0.0108407959363469
470,0.0273087993139778,0.0327186805415445,-0.0110855014608832,0.0565152421851885,0.1307339745063382,0.0294100087562986
471,-0.016661169390235,-0.065616076209034,-0.0540245999934536,0.0082305881592263,0.0141767801067815,0.0979535316292955
472,-0.0192509234726275,0.0249379663240236,0.0851196497220999,-0.0369568866519336,0.043416410021865,-0.0538969946437327
473,-0.0971248760150693,-0.0915465269281031,-0.0105589485103743,-0.0835259427004748,-0.0237643745149018,-0.0157014196794057
474,-0.0565544530144582,-0.0020573630698643,0.0318424714941919,-0.0572192377031547,-0.0590530637831449,-0.0530190934437635
475,-0.1324089664720646,-0.0633324772674443,-0.0530191553096412,-0.0825839688564528,-0.0078199190399846,-0.0951937641272469
476,-0.1067294615647303,-0.0671623744564627,-0.0629145928974269,-0.0725818460515511,-0.0513532578089289,-0.0528739370260631
477,-0.0783982887480467,0.0328651882293488,-0.0585317977237756,-0.0668561655626586,-0.0732835844414397,-0.0395087353250248
478,-0.1099741559350008,-0.1122492603455208,-0.0853703312597673,-0.1129387858476167,-0.0367023219001795,-0.1104800701541073
479,-0.1061977341837978,-0.0982570792521402,-0.0630090303419108,-0.0773292547313343,-0.1025380317648534,-0.061926163956706
480,-0.084384168468999,-0.0198312008451972,-0.0533796504817605,-0.1074942867449336,-0.083305626449487,-0.1009546973191056
481,-0.0343929922098804,-0.0094311840586327,0.0109058196012093,-0.1160962755161086,0.0061417457529364,0.0138885816352983
482,0.0350961797287274,0.0132497044852972,0.0686870084214459,-0.0763753295101604,0.0804431071814009,0.0420029709065482
483,0.0087662366994605,0.1272385605561067,0.0625744368373507,-0.0791234007044254,0.0015144926751855,0.0040505511820922
484,0.0474890269608942,0.0290553520825518,-0.05946616810979,-0.0495014341486023,-0.1145925189431538,-0.0292106769141814
485,0.024623368761464,0.0824561942700194,0.0934366189646453,-0.0477956911836763,0.0386656442543948,-0.01146028801901
486,0.1062641216064664,0.0872592015856055,0.149418541234102,-0.0077352820165509,0.0782442444794274,-0.0213847876934473
487,0.0759127950037196,0.1676962038161873,0.1399074180209414,0.0607020849436375,0.1839396041417211,0.1053147458964903
488,0.1298828552487254,0.1530703688887028,-0.0293792357996497,0.1566561842005797,0.0554646483733678,-0.0096432834987771
489,0.0353307554456134,0.0123414767961049,0.0166506885305036,0.1786281444447975,0.1249601922584203,0.1142320227838751
490,-0.0122060795997076,-0.0398750211609432,-0.0699347090368011,0.2599586139647692,0.1105129790047833,0.181920380828417
491,-0.1277373253511657,-0.1078606822828951,-0.1054522930507437,0.1725009641177087,0.0944398413052997,0.0263844390065769
492,-0.1023822312824879,0.0397639707270248,0.0349403134544831,0.1247728941857194,0.1681949764468149,0.0188863133676386
493,-0.1250568949566105,-0.0447132414662923,-0.0596691203191303,-0.0080786564517244,-0.0139551354888352,0.0096768271285312
494,-0.1032894124913718,-0.0830619054489843,-0.1398310168606558,-0.0686992428024675,-0.0811408304298333,-0.1733569805800163
495,-0.1313116968818954,-0.0751379624290926,-0.1075510350079879,-0.0481537308956094,-0.0077455312539929,-0.1556554370081
496,-0.1372513052874266,-0.1167906423935136,-0.0745540644704097,-0.0503060987497079,-0.0603988932777871,-0.069498576756569
497,-0.1094933124548751,-0.083573240266613,-0.082168005583546,-0.1546119635361696,-0.1178595299337614,-0.0224296414268368
498,-0.0262209452366021,-0.025140746632033,-0.0535062406212893,-0.1010574685535025,-0.0402936849654738,-0.0489951743744039
499,-0.071262228594504,-0.1271445020371478,-0.1116102481595866,-0.1153780237147565,-0.0235611731219124,-0.0752414545545881
500,-0.0857411591197061,-0.0555683626260609,0.001727960699654,-0.0810563870206709,-0.0749486876660963,-0.1635673563983685
501,-0.1380041248010366,-0.0906844555145182,0.0119109754902279,-0.1335366614725598,-0.12328679327895,-0.1414580707097656
502,-0.0752104929774625,-0.1186712735651495,-0.0785710850883009,-0.1899062637064011,-0.1237248611749173,-0.0331843621022861
503,-0.0661370438913878,-0.0281553773563074,-0.0363797008774117,-0.1824133151753543,-0.0590309672137805,-0.063025815165554
504,0.023859809209912,0.1023368558201666,0.0441325743612111,-0.1904943065627583,-0.067474141272097,-0.0639266828521668
505,-0.0194684503941555,-0.0259366633264026,-0.0226627089831326,-0.1492783160657819,-0.1395153415244583,-0.1165988286356922
506,-0.0643135978896025,-0.1119009529486781,-0.0179497821498285,-0.0674298894882622,-0.0059082859578067,-0.0402903491411519
507,-0.1604612502718795,-0.1542957579935895,-0.0526390682762006,-0.088689348793308,-0.0255191136277321,-0.0293993053615223
508,-0.1412818622802049,-0.1360216905797182,-0.1267860147929472,-0.0921057110831886,-0.0150393962718584,-0.11389984962971
509,-0.095900775825919,-0.0389279192032737,0.0547185637432643,-0.0750350130956964,-0.0705085965502153,-0.118021291442008
510,-0.0684780017468143,-0.0048365958232068,-0.0483254710298041,-0.1393162943704433,-0.1169163663076673,-0.0284336520306427
511,-0.0499705102809281,-0.0998583204034472,-0.0909058725474603,-0.1693099472915785,-0.1002891916028263,-0.0469469926930457
512,-0.0613962987967795,-0.1034240181809534,-0.0388188049702499,-0.1727084565364537,-0.0928187033067758,-0.0327927558756857
513,-0.0846110536097723,-0.045302193611691,0.0088122358828285,-0.1906741681835164,-0.1613952956184786,-0.1103053795583891
514,-0.0749811315406989,-0.0811145993255246,-0.1699834601577899,-0.183910970799549,-0.1416245048545202,-0.101814233854431
515,-0.0872512133402987,-0.0287226580980247,0.0030736030407817,-0.1443658125896703,-0.1398176772270689,-0.1053367156500674
516,-0.0925882084838962,-0.1221027705091552,-0.1584803932017515,-0.0241466507417342,-0.0199351471250819,-0.1102398116454567
517,-0.0961461403951631,-0.0013074191334375,-0.1130073822246425,-0.070636436014307,-0.0593668721218315,-0.0226465695491207
518,-0.1176422878398549,-0.1228594158215221,-0.0460888276216381,-0.0551421375743127,-0.0724623880946036,-0.1139487927478502
519,-0.0599682902186525,0.0073813700503663,0.0524140577800714,-0.0581339786878568,0.0226400255272251,-0.0149640178753059
520,-0.037582250025065,-0.0931595305678499,-0.0442289514123688,-0.1018359427869743,-0.0582400855478007,-0.0356322382864995
521,-0.067095344390524,-0.0484508719101021,0.0111070455452926,-0.1180752449951274,-0.0721528117291659,-0.0174805025131519
522,-0.0514960372126183,-0.0992187489682909,-0.1047678025105142,-0.0403679422240661,-0.0238667441772359,-0.0051458345815963
523,-0.0795166235194612,-0.0192353772458334,-0.0565776315348282,-0.0913996103617025,-0.0508295386929693,-0.080381467048037
524,-0.1106631186765149,-0.0035851474007707,0.0555962646351402,-0.0304540571222952,-0.1291338861831476,0.015285129681246
525,-0.1125518939404991,-0.179247379877118,-0.1141862190258471,-0.0066189819287369,-0.1031814400368127,0.0118624281997009
526,-0.0292287939980508,0.0063853610249799,0.0161664063146178,0.059258685051563,0.0304396532375934,-0.017958941519194
527,-0.0428350977969875,-0.0393861424063984,-0.042616082804319,0.0580332647081158,0.0346181108046957,0.012147368983003
528,-0.0906173016708348,-0.1339570967455188,-0.0568774934831344,0.0459244748810527,-0.0074495283462169,-0.0504030040351174
529,-0.0879382223363597,-0.1506413028715291,0.001198865321149,0.0457301069952627,-0.0679689228927649,-0.0189125282379243
530,-0.088212411600256,-0.0529642789587373,-0.0705845347298808,0.0605891706297809,0.0637953206654667,-0.0057725038751697
531,0.0228917919708735,0.1417724929229818,0.0341377075677051,0.1392383259627695,0.0701868041120554,0.1281479883305218
532,0.0557520125110427,-0.0499011377840149,-0.0503712065173592,0.1058859387136715,0.0395474156296611,0.1275744621066652
533,-0.0015913550003416,0.0440732029632069,0.010148664866082,0.1255436700572566,0.0856880540616037,0.0628264911399478
534,-0.0325248861963796,0.0110060124131817,-0.0454539382243551,0.1808553737588932,0.0534930306942897,0.0850880809792848
535,-0.0063908297821473,-0.1091570478286967,0.0205562813360145,0.1758041921668028,0.0936601953654199,0.0464119707473416
536,-0.0296299763247194,-0.0461710642083654,0.0459825475216064,0.1868510314331825,0.0487567026256835,0.0824534485977653
537,0.024441507158828,-0.0021441791797087,0.056128508063996,0.1693190723468213,0.0833958154248421,0.1159743599883514
538,-0.0174444491162797,-0.0022414035195537,-0.0179464557507,0.2100636924150404,0.0710466510028793,0.0474608994354201
539,0.0685551053605644,0.0210221371470405,-0.021177207649168,0.2432012095119101,0.1854487219671388,0.1391416467513672
540,0.0564580500629792,0.0644659267033475,0.0450815576183823,0.1405122747836133,0.0381179456712724,0.0024540116907848
541,-0.0073151627287477,0.0394705307871063,0.0358465426255562,0.1230004616094267,0.1544142960823321,0.0478017291481336
542,0.1251576518399196,0.1010430160488631,0.1352433230916088,0.0707123348243875,0.0266233137846744,0.1172729039666677
543,0.0369288020792946,0.0751757492485911,0.0947837534585506,0.1971389019480773,0.15157609562969,0.1591594491187148
544,0.0313637639113818,-0.0535232541286138,0.0940099702268212,0.1941432569037915,0.0457874405082932,0.093462388923386
545,0.0595747100398504,-0.1178754216990357,0.0143549348461392,0.2038213120037869,0.0922008856532236,0.0725158080011439
546,0.0077122424130325,0.051014484762304,0.0413837580106574,0.1934664549739563,0.115097963250232,0.0041139772180849
547,0.0146019106822093,-0.0316881568096624,0.0071410449310187,0.1577613886526668,0.0353518686274353,0.0553850418887652
548,-0.0214390803509679,-0.0370312166440309,0.0141099370748874,0.2079491079003949,0.1602100020280456,0.0855640710263853
549,-0.0406822695195483,0.089313416806191,0.0664830338924844,0.1736774175749093,0.1533550983222879,0.0414438029055453
550,-0.0707510279709636,-0.0173392295538886,-0.0441295873528979,0.2268393962075541,0.0565738982171745,0.0396698317624481
551,-0.0291507286139422,-0.07561490098424,0.052916798886517,0.2443072204197965,0.2215837188756939,0.1240990830844429
552,-0.1043675989332617,-0.0761341431441191,-0.0402701073064816,0.2292152607955399,0.117788025670525,0.0220615989130285
553,-0.1017772512561036,-0.0876956022149724,0.03328731750345,0.1610045535812371,0.1155322488617199,0.0495026325071577
554,-0.1993353461789297,-0.1661338478529972,-0.0344830346184773,0.1456732468035825,0.1914181232811476,-0.0497284349142284
555,-0.2152426992640956,-0.217259479512418,-0.057383247187818,0.0719448011853067,0.1018674955634249,-0.0682026136418309
556,-0.1803896034232553,-0.2097829754686742,-0.0638542113977994,0.0206311382548168,-0.0140510291958452,-0.1371650753534637
557,-0.1844325615736975,-0.1454161043466616,-0.1033301822403603,-0.0676478632235279,0.0326140453921547,-0.1988660688962435
558,-0.199089157732888,-0.0868443219783968,0.0316149845974018,-0.0695673772300322,-0.0388839470444301,-0.1509843347804174
559,-0.2522345370920121,-0.1634898832534038,-0.1228765785270469,-0.1019676480530907,-0.0314456461136127,-0.1399650531443164
560,-0.2038341965196795,-0.142537100765347,-0.0337245876539783,-0.0314823943307383,-0.0568705156808776,-0.0962904730276838
561,-0.2394749920969102,-0.0631689482908471,-0.0338007668565868,-0.0591222476604288,0.0148044149829793,-0.0910793944249487
562,-0.2113553945845798,-0.1130343083143556,-0.086137342723494,-0.1412235629625148,-0.0610150878329178,-0.1721563643366144
563,-0.2158835924365809,-0.2283158522383535,-0.1218688456036539,-0.1880090980454977,-0.1254984923530268,-0.1854346239273812
564,-0.1919745728365632,-0.1632329400353974,-0.102772480866172,-0.2614350084345794,-0.117925297676987,-0.197725384788236
565,-0.1522769586048607,-0.1567939673166637,-0.0583839494482522,-0.2540173658131953,-0.0574296986565493,-0.1746056504156555
566,-0.1640570780498646,-0.1620243193309459,-0.0312132683568365,-0.2223736793335845,-0.0755182600371908,-0.1317956415518373
567,-0.1536009272787754,-0.2404481262944779,-0.2004693652633744,-0.1171728034496997,-0.0744126964417367,-0.1363831434107623
568,-0.2516660821073794,-0.1459140146315968,0.0127071508217896,-0.057706818005124,-0.0676968266189364,-0.0378793598138347
569,-0.2375340201696104,-0.172193833433626,-0.0187609307155856,-0.1534352961256048,-0.1286467181187354,-0.1977267427915725
570,-0.2465802651199785,-0.1445379620373885,-0.0871083126097647,-0.1879051781508235,-0.1268188974108959,-0.0676377961978847
571,-0.3382463211384988,-0.3016935764476958,-0.1312996799317425,-0.2076997225675983,-0.0904299356933255,-0.1967832805899813
572,-0.2380282695515589,-0.219372715526894,-0.1329704625542333,-0.1698755271481029,-0.0861879161991515,-0.2307772874259523
573,-0.1737427064155925,-0.149342834869518,-0.0591311005207997,-0.1556319877186373,-0.0325349203306476,-0.1201822553944194
574,-0.2160581968870109,-0.1902688395871429,-0.1379831818733362,-0.2018690528405217,-0.0585042558574078,-0.1295111324285777
575,-0.2262969704278187,-0.1244579290682287,-0.0707143631256264,-0.1596041635779805,-0.1282901110687499,-0.207959743200716
576,-0.2846102433091886,-0.2224942319518852,-0.2500171337606472,-0.1639941617676905,-0.1142209795703077,-0.1831326226252936
577,-0.2077923627371524,-0.1105751511530384,-0.0177686991875384,-0.2185883551413929,-0.0797612109484328,-0.2217015407305572
578,-0.2061721128748478,-0.1241925513303987,-0.019428522330007,-0.1381682738093139,0.0201541830017378,-0.1167369597559393
579,-0.1397400322203085,-0.1546581830843201,-0.1317037412648384,-0.1636695520364758,-0.0164021044380047,-0.1183718392230097
580,-0.14480004212092,-0.0856096943639977,-0.0461687405415476,-0.1559014203426156,-0.0399045059076809,-0.0642009957778845
581,-0.1352318917519679,-0.125640643580486,-0.020424376344881,-0.1172235747301742,0.0005506270715303,-0.044319985791542
582,-0.2293702784120989,-0.1646608239634595,-0.0923788775813262,-0.1797362347420383,-0.0313396724894548,-0.0692542361532631
583,-0.1734085606814109,-0.1485179263480956,0.0169908158143745,-0.0869414821554618,-0.0610735617334516,-0.1676685585611617
584,-0.1458199047788939,-0.0939395701237054,-0.0995455135150551,-0.0466533953764107,-0.0384689477143467,0.0136631072516025
585,-0.1032261423246715,-0.0259045259444926,0.0078776641325466,0.0198868848751313,0.0138328739076113,-0.0137838068984171
586,-0.0997774388975622,-0.0540433806906794,-0.0379071431313912,-0.0057808690218956,-0.1345562328642339,-0.0666460289364937
587,-0.1030294997923896,-0.0744093663499321,0.0192317107069832,-0.0412095426231804,-0.0011443004057984,-0.0152107758371932
588,-0.1374410214275458,-0.0656730174537357,-0.0181256889563537,-0.0874764629373906,-0.1001087529705608,-0.0831476978141607
589,-0.1080667878754416,-0.0485097773450459,-0.0386552243857726,-0.1923412761846753,-0.1566002655219098,-0.1522207184161909
590,-0.091693861999376,-0.0767523870010249,-0.0034528941205287,-0.099609615800369,-0.0371935323653534,-0.0655254300187442
591,-0.0334121151177059,-0.0148776804105615,0.0189858534160379,-0.087753888294508,-0.036876434819685,-0.087713114854438
592,0.0726365715090122,0.0576114182581448,0.099000715054294,-0.1349471990921285,-0.1116478343340669,0.0623735308254167
593,0.0173243946925419,0.0140390666801669,0.0100896536979249,-0.0709817578697853,-0.0080400891616742,-0.0251346464135091
594,0.0685078213340026,0.1005786644449123,0.0502927464010826,-0.076159202522673,-0.0014351824502781,-0.0376433799812718
595,0.06053777167582,0.033568533701518,0.0499750605735556,-0.0346004247615097,-0.0824371990325084,-0.0139620525808599
596,0.0732233817054871,0.0752561196738692,0.0083206034589587,-0.0868520908427993,0.0006137154795494,-0.0633791915241992
597,0.0977543908779068,0.127727940727232,0.1516596713163612,-0.0904260029271828,-0.0439937871226982,-0.0317190825777998
598,0.0058963231713226,-0.016264076854598,-0.0918064278406319,-0.1198516214053455,-0.0477010868203396,-0.0682074888149082
599,-0.0214235107441355,-0.0377277237444397,-0.0758969263122424,-0.0832541230636343,0.0122139859358593,0.0227039867435335
600,-0.0838237593750415,-0.0734615664366692,0.0067742800171357,-0.1210736787906297,0.0302960346219346,-0.0497153167328639
601,-0.0458684674384462,-0.0718026013244702,-0.0377511676715009,-0.2192271127987279,-0.0674952757889951,-0.0367806380369624
602,0.0130607647645228,-0.0028803970456225,-0.0410591388438063,-0.2480159536366202,-0.1300121593632642,-0.0860828795916017
603,0.0978629381970431,0.0350998718769426,-0.0219052600169069,-0.1773376565417788,-0.1279492110968593,-0.0040784844320304
604,0.052725560192443,0.0819554633987191,-0.0060329886185719,-0.1708959890643539,-0.1990115503895513,-0.0451226388913672
605,0.034864751114409,0.010851276519566,-0.0148985484079237,-0.1098824109395801,-0.0630186121109105,-0.1081294119833788
606,0.0322413983410999,0.0170673793222544,-0.0156477016821941,-0.0973486023478318,-0.0583212687823147,0.0073393650003493
607,-0.0002036770205993,0.0022576281660728,0.000323397449472,-0.08764342843623,-0.0529457334388258,-0.0419443374909477
608,-0.0078563517788893,-0.0516035269990185,-0.0582665201418084,-0.0538208431015129,-0.0616433686696641,-0.0080944331199784
609,-0.069558343427585,-0.098606694612038,-0.1013367561593499,-0.0805845531733001,0.0404566853040292,-0.0345089839009358
610,-0.1600586756368399,-0.1528892241517452,-0.1145449111582537,-0.1019942899904504,-0.1754608591726211,-0.0963356763389915
611,-0.2267594038475316,-0.1205012091890504,-0.0172271224756143,-0.0964372559088947,-0.0145185954971307,-0.0900935710062161
612,-0.1455153027364579,-0.0581436113344134,-0.0204890168266368,-0.1524559094377519,-0.0654106203837704,-0.2177422794093088
613,-0.1097683471666128,0.0182110651116834,0.0091293863387391,-0.1182888820437493,-0.014921911402533,-0.0780385018279779
614,0.0213762361875048,0.0425294929298368,0.0399234952020405,-0.1115095259010041,-0.0671631580115635,-0.1204268043508391
615,0.0612450401910364,0.0931134501274498,-0.0213053766144518,-0.1264898109955147,-0.1347040905670311,-0.0685733265035803
616,0.0807551464666018,0.1212329721508395,0.093655087394744,-0.0885659666298833,-0.0605356766600274,-0.0390788223641771
617,0.1110019393360306,0.0706775812628167,0.0199823442565746,0.0103837439501974,0.0244828454467459,-0.0259846056485968
618,0.1968903024031265,0.2059280335694605,0.2020019110541715,0.0339807476281903,0.027048124500208,0.0920593964709889
619,0.2087553856845462,0.1993581528700982,0.1231112136702362,0.0644533247927094,0.026005556391936,0.086781515279672
620,0.1520591089901499,0.176886184396535,0.0554650150109729,0.057083389615356,0.0372373203134891,0.1067122990978049
621,0.1515583023175655,0.1242887959962225,-0.0016890944479421,0.1142716553433831,0.040049870614638,0.1031385878393594
622,0.1079707822469931,-0.0107414515939149,-0.1062140326209447,0.1425223145347054,0.0259074352219092,0.1388680475861058
623,0.1447264432641444,0.0959043755937898,0.0028250248498285,0.1587056387945064,0.0662382396497191,0.0440139918337993
624,0.1710428303128582,0.0722094165044957,0.0799902511352646,0.1149098437800284,0.0792010855258019,0.042945826887247
625,0.2127667441784711,0.1505289144648543,0.0827229221021412,0.1313937788439698,0.0529875601108352,0.138406713958191
626,0.1788526549106775,0.0808461284087005,0.0009700557195231,0.1611709823495704,0.1412895335484234,0.083042179060306
627,0.0079480645010735,-0.055174901243334,0.0986898269343353,0.1825354979988317,0.1084961161643319,0.0692378555870874
628,0.0118751348633212,-0.058416099146314,-0.0398615824162435,0.1485767085056987,0.075907201859059,0.1112268473432241
629,0.1015418097258086,0.128385649674253,0.1005375142600462,0.1137433073784697,0.1202335113761769,0.0292432507883204
630,0.3189867593727498,0.0744695634969433,0.0810193087227849,0.3366657133571832,0.1283343004515547,0.1263570036568005
631,0.7540155046608834,0.1531283631118668,-0.0196546372030449,0.6693836547746339,0.070709343156991,0.1190326375192148
632,1.223043977358039,0.1743732687856101,0.011973906004557,1.0460787640520943,0.1347176064581751,0.2139453195722328
633,1.357077757990353,0.0996359922201742,0.116878320952522,1.219150577472326,0.0201060407116852,0.0827187999196342
634,1.0961229889483584,0.1615420408232363,0.131787062742816,0.9529204430783782,-0.0140666088425391,0.082524880039744
635,0.7199826499382047,0.1938040839951928,0.0632270080122534,0.6203922975117011,0.1092991702812888,0.1132129385747768
636,0.3537764999437696,-0.0349677452791058,0.0890204131754979,0.2217263700301597,-0.0459276731859997,0.0750768253938697
637,0.1247801950323241,-0.0001239491806106,-0.0794001821007197,0.0464001614539192,0.0511593715222192,-0.0073388018066449
638,0.133396307402587,0.0329336183658939,0.1156850684287684,0.0536605894763529,0.0007367305264656,0.0489209332738757
639,0.1088263888356793,0.0628270200370083,0.0013112093059727,0.027841477071668,-0.0041132036644468,0.0749244181324308
640,0.1059137573982094,0.0427089234262523,0.1292582185802313,0.0951754183601531,0.0333677160143017,0.1599328296079722
641,0.1396876239246669,0.1012707894474153,0.0381291538281167,0.150757677542696,0.1266944295692833,0.1479124114457037
642,0.1870156847784974,0.171479672850125,0.0440857720013722,0.1811681316759106,0.100650246263418,0.2082183914521292
643,0.0051086605188297,-0.0077770898760303,-0.0684624028941672,0.1817791830682634,0.0579367734577875,0.0252842195318353
644,0.0097356179269299,-0.0648192324777347,-0.0490643836564302,0.1241253098633545,0.1722731782410774,0.0787651205709092
645,-0.0367368965497484,0.0848860328372091,0.1516625195641446,0.0793921733315622,0.0377112677300323,0.0483864951620306
646,0.0524140145717855,-0.0069320407452313,-0.1012474417692967,0.0964469329130099,0.0513241947909364,0.1273328930653191
647,0.0447278809082842,0.137610531167093,0.1783395321864961,0.1018823327794565,0.0878845472605088,0.0765857445848471
648,0.0632875788271923,0.1167957737652074,0.1362555613704976,0.1310097968477089,0.0623382654376727,0.0188417684008332
649,0.1048564318154126,0.1135470378124168,0.0707041125047518,0.1435001276817855,-0.0320576821657997,0.0805674455076919
650,0.0477742018292927,0.0400719944389696,0.0447518037560395,0.0435371631074707,0.1051306880870713,0.0144958265871646
651,0.0663053525273924,-0.023895076396269,-0.0462818351384658,0.0408703169121151,0.100676202558725,0.0713779927858018
652,0.0399968862777931,-0.0237920914551414,-0.1081825218432618,0.1356504562840244,0.1577037223423011,0.0069666592225866
653,0.115090155436528,0.070095858974178,0.0406668752605596,0.1377407905766843,0.1038256926923032,0.1222820333084043
654,0.1257970839640012,0.0996268419430232,0.0765940904240103,0.0454919695679587,0.0366906618570662,0.0414816905633284
655,0.0270916281928517,-0.0725569097557544,-0.0427466348793836,0.0531627326187822,-0.0329049298260014,0.09222534752174
656,0.0722866599300363,0.0643844130814087,0.0812706276365652,0.0216833126775634,0.063927312721295,0.0670405089646382
657,0.0169318187959381,-0.0133299619188257,0.0172234860706072,0.0880104292972916,-0.0106246754048841,-0.0288702238712317
658,0.1138899969764887,0.1119286400166634,0.0458813718616483,0.0470001547416984,-0.0052552378570017,0.0095413666787683
659,0.1549299146596612,0.0838497040756962,-0.0063467574048918,0.08345412710302,0.0507791636472963,0.1845311686835072
660,0.1428879145290719,0.1252388846865789,0.0394490291587666,0.0609894445742234,-0.0308235626520133,0.0976311336327547
661,0.1243544694905542,0.0354479607808122,0.0060797976024815,0.014920310510577,-0.1554590339713061,0.0533939912211849
662,0.0212954958468522,0.0259665878844852,0.0426288656126796,-0.0293582177692039,-0.0479627238161473,0.0332427086397685
663,0.0731363866567492,0.1014823166110257,0.0117968819726529,-0.0765244759497056,-0.0524507153004972,-0.0045148458964918
664,0.0247095600351973,0.0109248506235373,0.0824507106057317,-0.0493041514770377,0.056143265261189,0.051146748989355
665,0.0303827624893718,0.0418803281526916,-0.040942006800914,0.0323921640521852,0.0267042483395337,0.007047395272448
666,0.0826690478630614,0.0920571300639755,0.019422761911996,0.0227251236016943,-0.0293672810530953,-0.052119172605123
667,0.0733495280143363,0.0414548307134179,-0.0048431382426738,-0.0055634778462588,0.0096831539570399,-0.0171089175471323
668,0.0549154549420325,0.0471254176566326,0.0850447057613298,0.0364719842417252,0.0135860147551687,0.0851933151988141
669,0.0544813879133734,0.0739571837328715,0.0526091798813495,-0.0449508379327428,-0.012342201149277,0.0174746389350494
670,0.2173046026668497,0.200352993126982,0.0791912995284035,-0.0853653334295657,-0.1338273322778763,0.0416755586098746
671,0.2278773015943848,0.1122822998242341,-0.0037591516737707,-0.1255440906838299,-0.102703506935909,0.0278965187294754
672,0.2295176539603231,0.1987580068558019,0.1226525133763075,-0.0801943424708178,0.0155100329424531,0.0756067972547373
673,0.209806489958758,0.1372203817531146,0.0702250694936909,0.0329099140221022,-0.0167060020089572,0.1455559569869391
674,0.2649749296771192,0.2507882329485493,0.0810758348570465,0.0908607201611393,0.054632053155972,0.1803235346400945
675,0.3194859642429596,0.2236035411908142,0.0579843414568884,0.1330017219485157,0.0260145724565047,0.1545647332419886
676,0.2854689027605097,0.1356560425111068,0.1475529229130009,0.0822344534731034,0.0922295221698882,0.1543388447688199
677,0.1743154407540962,0.0719418749756905,0.0308631930281964,0.1482794865457511,0.0723665211501707,0.1540030794052866
678,0.2630679450117804,0.1959159394048939,0.0587991402429685,0.140547655532394,0.1285582676762744,0.1115983720713284
679,0.3098267372817836,0.2118236920224633,0.0764644924117294,0.0826347996167465,-0.0028675824499593,0.1968885133304626
680,0.2526855508810897,0.182414418595063,0.083540965078933,0.1589954625165816,0.0970481609635908,0.160481369270673
681,0.3019330789150924,0.2514192885731942,0.1591252290365968,0.1660334041254355,0.1372127943100383,0.2128118469957511
682,0.327768277237589,0.2592900572513594,0.1134811852438505,0.2433614381900875,0.1411310729423563,0.2290825438464492
683,0.3660284954458347,0.1973876425111219,0.1255235663178576,0.2001694210114055,0.1235399425895531,0.1471292338796499
684,0.3682371088287698,0.3093847456965037,0.1369334752944777,0.1149728982167736,0.1250580518350351,0.2227694515072719
685,0.311503144633463,0.2012176043196289,-0.0140761593885385,0.1600490601408826,0.0611125364106465,0.2207966641042745
686,0.3038595213385465,0.3235106334345409,0.1974195397215096,0.1724080893252533,0.149953785471253,0.1981796747820488
687,0.2343192278937592,0.2376302870019954,0.1174446077721169,0.1979445498695008,0.1528533340257343,0.2253252031430962
688,0.2176874387202977,0.151512402023794,0.1419428295027071,0.1448868912697556,0.1571278017362035,0.1090969119093713
689,0.2209556593347666,0.143266286052424,0.1117357390601229,0.1090697818644736,0.0767665860521403,0.0918082756035014
690,0.1751189209824135,0.1124682895257039,0.1215134390091868,0.1030937880834829,0.0533737236360138,0.0832128498369333
691,0.0954661702903815,0.1277510268497558,0.1437380051397591,0.1820223497166143,0.100865468022331,0.1462566299015925
692,0.1715789663109626,0.1102468079613202,0.0237908152078743,0.1826693779409089,0.1006383159956411,0.1180862154697019
693,0.1659602517793865,0.071177350071671,0.073005034866725,0.1675983640692157,0.1144629140758503,0.1673500189479526
694,0.102710224600563,0.1909585088779573,0.0703115838594248,0.2314573769171309,0.1669151897685191,0.1430341242400469
695,0.1109146325588917,0.0684610206204872,0.0290544687392408,0.1282118095542117,0.1012342234170957,0.0542739321564889
696,0.1207073166622436,0.0845684714025528,-0.0734716993219626,0.0494433213124469,-0.0099307132600213,0.061260178984036
697,0.069124298094237,0.0992497048059301,0.0959995329566346,0.0216837181799746,0.0496077419443158,0.1142998190467731
698,0.0994368391380599,0.0733916248537082,-0.0345175486937332,0.009583570299016,-0.0728228171432368,0.0472120819203695
699,0.1027147422319413,0.0098271693186449,0.0168714067386499,0.016345399408835,0.0151549888978288,-0.0202724821956049
700,0.0676415115459279,0.102324761291165,0.139931972716567,-0.0058784442796752,-0.0224566613337644,0.1227260578761429
701,0.0673769790178151,0.1192997491554188,0.0217894910778054,0.0032315310247872,0.0567089796156623,0.0834015479172847
702,0.0554395461512637,0.0497647554639335,0.0065392473956354,-0.0694407929757304,0.00344988517734,-0.023396365551239
703,0.0038818294563016,-0.0539208475557861,0.0370048168326292,-0.0034961897945623,-0.0417705877080919,0.0763701599264102
704,-0.0174749264330299,-0.088966551214208,-0.0121961925222589,-0.0086233865432031,-0.0102325987223828,-0.0737479119974078
705,-0.0474543728679416,-0.1320657199024718,-0.0563625705327698,-0.0077259851136303,-0.0365572427282031,-0.0542317298372251
706,-0.1083570907612178,-0.1291609472597062,-0.0954159587279201,-0.0614137701731644,-0.0425101395232521,-0.0661808534012763
707,-0.1278850408603752,-0.152303082478196,-0.0273732169185733,-0.0318859179621353,-0.0350649974265696,-0.0770958012187693
708,-0.1748823331388861,-0.1283359104807866,0.0188739856093607,0.0452695169851654,0.069943839348583,-0.1249779369897289
709,-0.2286695099020688,-0.2565231342482909,-0.2086506808732195,0.01518329204544,0.0078700689406542,-0.0143794926521266
710,-0.171136252939229,-0.1475717644926187,-0.0033180146120369,0.0669536388159967,0.0415709816608146,-0.0148681555346286
711,-0.2211711541662672,-0.1541998541392273,-0.0739399479714677,0.1410174936835082,0.0878198052438579,-0.0339861260215542
712,-0.1686673657809047,-0.0938631438098449,-0.1054136296092499,0.0927885223202285,0.0102237760000352,0.0307016502471321
713,-0.2387077311709533,-0.1456009408393615,-0.0094534252498808,0.0459620184643636,0.074261977465674,-0.1230000938898353
714,-0.2922553028078941,-0.2111476222840132,-0.1488820593383418,-0.0001052012835892,0.0016590584325089,-0.0745913791431557
715,-0.3227777640073809,-0.2140710080534091,-0.1492538031345668,-0.0679516743585454,-0.0539482430189849,-0.2014712021148454
716,-0.1167864068171721,-0.1153513329548782,-0.1172114682926219,0.1007461995691595,0.0269070718983065,-0.122037919388854
717,0.2467085250296689,-0.1320390326810105,-0.0466505593492489,0.3900056282805087,-0.0980002710749383,-0.191919948067432
718,0.5354869299857759,-0.1407884863747939,-0.0450207332600323,0.6743282347930897,-0.0596797734991523,-0.2142818409035839
719,0.7500280797315895,-0.2757101891555139,-0.1574553003885753,0.9668867231893352,-0.0430067823041987,-0.1374524859373171
720,0.6119274371676673,-0.1302952972343326,-0.1341112805653904,0.7739433293746133,-0.0688374440388815,-0.0551888912906966
721,0.3854142044702338,-0.0134893959957813,-0.0172011371345677,0.4612278155340301,0.0015696888181659,-0.1648354344781385
722,0.0456335283250979,-0.145509540799947,-0.0724502316961912,0.1157689104326064,-0.067683471252591,-0.1029304567561125
723,-0.1446051093688783,-0.0102018769069685,0.0025028617842326,-0.0886023884089281,-0.0788940062159464,-0.0244483769387563
724,-0.2117393796916671,-0.1582680079570275,-0.0844632073466642,-0.032863234354635,0.0281703161140946,-0.229615717775172
725,-0.2362822127262215,-0.1264578808511925,-0.0568849459923983,0.0396317378445073,0.0110904105889939,-0.0637127992214009
726,-0.289230053672754,-0.1276392477037519,-0.1515245626721053,0.1423456614043695,0.132994547020798,-0.0869346618579103
727,-0.1226908192485444,-0.0191629481985564,0.0413492463072882,0.1344277331145557,0.0048472565350674,-0.010414168038688
728,-0.0885619233683941,-0.0528628828104422,-0.0079186404675123,0.1356665397769275,0.0072451208444519,-0.0359157863024025
729,-0.0970891825514676,-0.0330237166293334,-0.0212676600546613,0.1313654738594881,0.0264961208402243,0.0876509549649929
730,-0.0792220415610407,-0.0297605646871673,0.0398487433857803,0.2150448115560331,0.1919338573458553,-0.0615643775695925
731,-0.1296472329982845,-0.08871944811642,-0.0303921842109804,0.2358563926828201,0.2700173701916372,0.0377196939141985
732,-0.1382571975708389,-0.0190823396366549,0.0171317618091162,0.1176740477137155,0.0407967812960659,-0.0527404323999586
733,-0.1537692386854208,-0.1360486607648079,0.0081799789456112,0.1458379412872381,0.0601141960175231,-0.1076765575876939
734,-0.0627182231836019,-0.0457069468782957,-0.0287050374040456,0.0940240741915783,0.060218420397322,0.0038923186872675
735,-0.0402157177367684,-0.0480563709906746,0.0374083461529536,0.0296812614243445,0.0845080500720311,0.0417058633763431
736,-0.0831323666379659,-0.0412206733838366,0.0036823911209295,0.012827955723571,0.0325486281291201,-0.0904926602101294
737,-0.1720394781768628,-0.0978699951925448,-0.1064986981388491,0.0316017291242519,-0.0164406002866924,-0.0873999832578681
738,-0.1561498451087616,-0.1361055132568034,-0.1405225697779302,-0.0375067376916961,0.0258077617487605,-0.0111884661064227
739,-0.2264799688454192,-0.2168672637325779,-0.1250325070558037,0.0462328995349241,0.1501795821180518,-0.0843145008357561
740,-0.1928572802952545,-0.0291847883210991,0.0072644868260114,-0.1050479251631966,-0.0131183427134324,-0.0982156259714007
741,-0.174182041324754,-0.1193408674484032,-0.0136295049602279,-0.167933177146888,-0.102776145266476,-0.1468589678268412
742,-0.1718742054955262,-0.0998964255131307,-0.0456832762343808,-0.0763086695748737,0.0054534409455174,-0.0194870748154283
743,-0.1715319902492662,-0.0990331618396019,-0.0655814620784651,-0.1009729144231537,-0.0550872546912938,-0.1219128208676798
744,-0.0939902792864866,-0.0569654474423894,0.0436034452760861,-0.1052086620837413,-0.0485242354096848,-0.0115749689765919
745,-0.0265830576669027,0.096814656594909,0.0694483371682604,-0.1412043642378615,-0.1475239759467415,0.0307854305104641
746,-0.1798231426155626,-0.149473328479745,-0.0627640993733747,-0.1593568492736122,-0.0081385573516812,-0.1314646163703793
747,-0.1739889665376885,-0.1004363556831832,0.0280715527696655,-0.1148983228716066,-0.0349521929714676,-0.1307425052541761
748,-0.2306225516492456,-0.1833780255820525,-0.0882736928721856,-0.1271980420338318,-0.1029885830070772,-0.1216884965540729
749,-0.1583714478307618,-0.1189316418674977,-0.0376741158876159,-0.1558184765831051,-0.0467457169938284,-0.1454006467395567
750,-0.1931850470234497,-0.0731837345120601,-0.0183286999573057,-0.1150306318484113,0.0061105859672358,-0.0397654443239114
751,-0.2799588028968682,-0.2661509124012606,-0.1081182094458021,-0.0493616778321779,-0.0887634310199538,-0.1528105447750958
752,-0.281621103419685,-0.121012765544576,-0.0939888517214552,-0.017760671440006,-0.0718130556662976,-0.1711117048216236
753,-0.2055139259676506,-0.1153060331020412,-0.0788365638173021,0.0019912103650233,0.0539491781500493,-0.1522316280223407
754,-0.224078555218743,-0.24697742504051,-0.1247617741195019,-0.0105606374599445,0.0348618002496467,-0.0061996732494026
755,-0.2305423166680968,-0.1553014526696374,-0.0737627043962378,-0.0317036039299639,0.0037751261615274,-0.0859125389000537
756,-0.1791434859963379,-0.0528432169921022,-0.002644685814896,-0.1114576344580629,-0.1126999503336592,-0.1339103235255216
757,-0.1226536040119679,-0.1259607286471337,-0.0350809936710009,0.0068801243426879,-0.0309593411456157,-0.0348667044067857
758,-0.0335355093727228,-0.0055954454646646,-0.0347470737887338,0.0123113462421806,0.0235306480613669,-0.03091102151986
759,0.0033004246197338,0.1368647096500989,0.0723590443790798,-0.0170120407294461,-0.0113532705635559,-0.0689208572811597
760,0.0280614877819672,-0.0176146771582817,-0.0599583266471886,-0.0982024841719562,0.0011931826519756,0.0167801900421297
761,-0.0585480377549803,-0.0510736705260815,-0.0594958055400483,-0.0871865425138591,-0.0264415938371131,-0.0666817013522125
762,-0.0739245880048126,-0.058615941469697,-0.0346938777213746,-0.0882465207302966,0.0420024182885125,-0.0760199708344156
763,-0.0653752978400932,-0.0435983538973437,-0.0505873540306637,-0.075186187893405,-0.0332161599846547,-0.0851967700983337
764,-0.0365794801873783,0.0539299956422913,-0.0094999968996293,-0.0948203681046103,0.0156939456984301,0.0287592104838564
765,-0.1105123109904819,-0.0869006080003033,0.0976578296584383,-0.1020340807096815,-0.0617242219168133,-0.036710839550026
766,-0.165717367532412,-0.0767103485738884,-0.0320322055821217,-0.1180907199725841,-0.0855493398532743,-0.08615334893445
767,-0.212404948360642,-0.1154906192285824,-0.0517667975446122,-0.013298132972162,0.013488066407917,-0.0902490450565555
768,-0.1995426080763416,-0.1089239609498429,-0.1251014002354748,-0.0315732145132304,-0.0164879276192633,-0.1188497506626753
769,-0.1599399412508049,-0.1125509656833019,-0.0501639531694105,0.0054072668326008,0.0200393806659185,-0.0939649773189697
770,-0.1205620446793094,-0.0149456787574175,-0.0132250004935847,-0.0581651616650612,-0.0300176751912977,-0.0524573710604216
771,-0.0814351722129559,-0.0392391032111705,-0.0063858794991058,-0.0350703867978001,-0.0667146467849909,-0.0639396987747577
772,-0.0917349862403102,-0.0521024815307445,-0.0191572007310598,-0.0379126161655333,0.0579163584747336,-0.0058153163269293
773,-0.1032430152020387,-0.0533593565383599,0.0662325760985067,-0.0472201761775399,0.0644292970276809,-0.0217595691208827
774,-0.1385991509029037,-0.0623010761521969,-0.1048378001634518,-0.0558071820040701,-0.0383473655606987,-0.1252675965248467
775,-0.1659347058759152,-0.0793015318485423,-0.0806206328475929,0.0210993550704586,0.0527338306569816,-0.1017739839959116
776,-0.1240929844535707,-0.0303443196885032,0.0285599809743069,0.0290822781626719,0.0508362831772552,0.0414596438068086
777,-0.0924994600888046,-0.0389944658681981,0.0387120866350228,-0.0115457831115862,-0.0076894039712821,0.0236121641801879
778,-0.0261545284214565,0.0524553734265495,0.0745388535564856,-0.1265184953588164,-0.1233240035542004,-0.093542087593754
779,-0.0173404066479126,-0.0004368685831035,-0.0239960792959457,-0.0019816105981246,0.0559458257747206,-0.0277667128360494
780,0.0195187406965939,0.1104750640866443,0.0418652922380686,0.0084125282935031,0.0173789891286502,0.0583293221338135
781,0.0197668187162295,0.0304765350155458,0.1170587945186465,-0.0329761624631434,-0.0160286131828095,-0.0751513525139832
782,0.35757666086877,0.081225358421206,0.0492293187183596,0.117051923159173,-0.1383040683703167,0.0022520314939569
783,0.7681568365721454,0.0785199806301791,0.0488786272468503,0.5240334537483509,-0.0185099800749238,-0.0491981869534745
784,1.2519582979170374,0.1809280693955025,0.1419038693950553,0.8440527284735568,-0.0789060016513771,0.0079797101364359
785,1.472970631629159,0.1739705196416319,0.074059587834631,1.0795909002515327,-0.0596388158424829,-0.0350762080586857
786,1.18962445911656,0.0886892069211858,0.1418619915118451,0.8680423143273212,-0.1165925464910443,-0.0372214697947979
787,0.8025083122377016,0.1525115882337879,0.0811344510705985,0.5156066840405632,-0.0490114149459795,0.0124105575665888
788,0.3888486876403674,0.0990855751643534,0.0211013434490711,0.1268514376454476,-0.1381192705173266,-0.0429697636268479
789,0.1182841829863493,0.0261124847007245,-0.0306303987364547,-0.0598632261684001,-0.0622277115313184,0.0279138606132236
790,0.1290319038541612,0.1901667551249727,0.0662939103866843,-0.0526062293237238,-0.1084116313754039,0.0564600542683332
791,0.3327768964599348,0.1681393304247622,0.0978905149613853,0.0372227407317164,-0.0402396290653292,0.0517778677313003
792,0.5111173833452087,0.1543909896097052,0.0577589584331994,0.231690313938025,-0.0327362526766015,-0.045175954420749
793,0.7875906641712078,0.1823099054008625,-0.0001481289316441,0.4484381014304077,-0.1030224114666218,0.0677380009872006
794,0.805836996336885,0.0483006584758133,0.0227994023227798,0.6067863772694844,0.0358170349274444,0.0686145637431799
795,0.7176038154870643,0.1144436821880895,0.0065396328988002,0.4991500130392508,-0.0906833636961147,0.0312130209041292
796,0.4993833923199885,0.1816554709629994,-0.0388543094543847,0.3130754979056586,0.0219778704305999,0.1020633147558279
797,0.2956467839493623,0.1516656013676534,0.0336122339733374,0.0001839790266777,-0.1034239744875165,0.0503037693789795
798,0.069201218219533,0.0514387651640355,-0.0154271522372556,-0.2071505553239141,-0.0843163237695786,-0.1392076126199318
799,0.0294612309166663,0.0088652969598815,-0.1083580240930512,-0.2027450246102953,-0.0551868326002971,-0.0339177484060867
800,0.1437501067857944,0.1309767327871939,-0.0502300832332922,-0.2144982258314564,-0.1712744621498131,-0.0318167917897929
801,0.1765317795740038,0.1243236412611588,0.1253585354415557,-0.1657915096462209,-0.0823752234733,0.0236180322981899
802,0.1651424398731665,0.2566042883600886,0.135916077885191,-0.2175055173633523,-0.0599900361337401,0.0616639334215046
803,0.1813987491005607,0.0990321588174858,0.0226942776513689,-0.2385469693229062,-0.122745856234005,-0.0734705424467136
804,0.0951233371023317,0.1036656139477908,0.2506606457910126,-0.2358032587056593,-0.2186966985770295,-0.0350716623772845
805,0.0910469695485895,0.0875832845208132,-0.0015582063573593,-0.2259154785518639,-0.1270921055902862,-0.1592763518188081
806,0.1708464563196949,0.068149053238054,0.0306353189051342,-0.2192820858350177,-0.1633207029372055,-0.0015133044162698
807,0.1544211116261942,0.1277963567589818,0.0476044640051592,-0.2604356661449336,-0.1937869818525426,-0.092683946081396
808,0.2231752212906741,0.1178371635661985,0.0849946183792442,-0.3128438492328867,-0.2477154626831979,-0.0699657413425937
809,0.2019277743171292,0.1021433109362127,-0.0395200212984391,-0.2604324908193475,-0.1034174118954259,-0.0798251126907406
810,0.3037129127732149,0.1601910317068087,0.1493819293442053,-0.1872438063398852,-0.1420722557683031,0.0161533773833639
811,0.3082442832868212,0.3071221990563273,0.1649131817536801,-0.1955834322610315,-0.1747244154229693,0.0884959083035707
812,0.2381058012375997,0.1922822016425725,0.1294110988317314,-0.1984902534169676,-0.1671815488345694,-0.0886173680293002
813,0.2464713856328624,0.2707811425780497,0.0524456699982098,-0.2207324425932494,-0.1263344004210871,0.0546859561283244
814,0.2022598801246966,0.230099944625757,0.0661519050256373,-0.1210644577446008,-0.0767690595462373,0.0985201393638169
815,0.223995115813671,0.168883365338803,0.0573038165852151,-0.071088017267568,-0.0596512843679472,0.1209444515772583
816,0.2328403717115361,0.1107200100673497,0.0927835953096774,-0.1435664617499488,-0.1314064583506632,0.0518110560704166
817,0.2437041142715053,0.1675716602726472,0.0464625970739993,-0.1467518438081657,-0.1532670219751936,0.0089573163841808
818,0.2029236084775852,0.2249560290163657,0.0668444253513799,-0.1465055179287775,-0.0317976489402517,0.0019336183048341
819,0.169404026753623,0.1918921813452724,0.0865370325921253,-0.1851434140080218,-0.1155284163920467,0.038315922448157
820,0.1897140477008503,0.1471088116263447,0.0392166527051519,-0.2286308027872997,-0.2044907642022872,-0.0451590946322137
821,0.1640766624519671,0.1080419322311369,0.0193466683909615,-0.1864318092056929,-0.1680403489551081,0.0108098519313597
822,0.1450745356065319,0.1523065199983077,-0.0101355701796174,-0.2282613532321199,-0.164635146853525,0.0259981560345825
823,0.1068157742066574,0.1194442047885497,0.045923201317784,-0.2246153535005411,-0.1629500597177046,-0.0985698413112206
824,0.1850473507424239,0.1424831224606736,0.1811081379261905,-0.2160761352708684,-0.1492599947951906,-0.0009472978141732
825,0.2134586215051703,0.0430019023262531,0.0830609272829395,-0.2349427705653858,-0.2356041629948942,0.0286314825361209
826,0.2348034866989942,0.1683738516661224,0.104935845160223,-0.2302756922009152,-0.1159766849211826,-0.0066197729727378
827,0.1048561425436693,0.0398367639899943,0.0634836240787209,-0.1583081101934888,-0.0745864524805059,-0.0261975522179432
828,0.0528028048713872,-0.091303011773564,-0.0414252024303048,-0.2109164161404784,-0.1408218780030762,-0.0998290389796291
829,0.0510599849650633,0.076769534931551,0.0083215013158434,-0.1842465387613861,-0.0598499436029827,-0.0107047835481826
830,-0.025712836668224,0.0214162186913565,-0.0763238454396399,-0.2185774626856502,-0.1286536722881135,-0.229563764695737
831,0.0433900690651503,0.0534878826775479,0.0397109402526631,-0.2506983639043207,-0.2009110564752092,-0.1039655650910198
832,0.0817206385127546,0.1130877198050147,0.0541099637825058,-0.1261593874945661,-0.0467795134482299,0.0865674553229859
833,0.1600737135966467,0.1138070857949124,0.092251922879554,-0.158734004647341,-0.0734161211492401,-0.0578019753677102
834,0.1081436039121575,0.1379140415219697,0.0184302308163804,-0.100957031500405,-0.0373074753245418,-0.0597636949153666
835,0.1191598065624555,0.0569395227810089,-0.0161097327065964,-0.0408583343080896,-0.0283907667431626,-0.0771754975587479
836,0.1436124356200236,0.0210497109879142,0.1481604482050121,-0.0286653588413879,-0.01976933165867,0.0512028411333922
837,0.0952261202753634,0.1041823365456333,0.0506496889206495,0.0893892086628609,0.0699293272282854,0.1548362944536946
838,0.0618443554709787,0.1276480842970596,0.0923094072035669,0.1426014239252341,0.028533629110917,0.0617884687181105
839,0.1111576809694359,0.0899105191796113,0.0620402036048866,0.1269474118435729,0.1898540293455237,0.0712095470680981
840,0.078950098925909,0.1025754531294522,0.0598996936488178,0.1445248904170762,0.1385541120647505,0.0052323582970379
841,0.0212025662759129,0.0811579801713585,0.0411476893724715,0.1427848210526865,0.0420681927496215,0.0174329140186827
842,0.0165935822835881,0.099540239333952,0.0519447882838055,0.0719122274641088,0.1465129901916107,0.1379232742659394
843,0.0437618037290471,-0.0671845631398903,0.0692587837844728,0.0929499495419146,0.1530542185178395,0.1624712452122481
844,-0.0274460529078603,-0.0827630701919978,0.0340893007178906,0.1183342592104688,0.0160473019041775,0.0151913238698524
845,-0.1431687336879853,-0.1008361628784796,-0.0642036312383914,0.0982720618302024,0.1223977166574807,-0.0161095972043627
846,-0.0499671034044372,-0.0312684121684501,0.0054903302023789,0.0109153324751064,-0.0329631139152311,-0.045862596129075
847,-0.0472134620312836,-0.0201240326902759,0.0498209229254461,0.0237836010279494,0.0682639453144987,0.0307017933053671
848,0.0372631624552691,0.0080766433574159,-0.00613793174786,-0.0631666804302035,0.0142175112536993,-0.0558502653953887
849,0.0830989525073312,-0.0065943960486044,0.0218231209845761,-0.0984707680421424,-0.1243587458827786,-0.0126786113039266
850,0.1124711794458687,0.0593438189289635,0.1411841352600523,-0.1488692179610903,-0.1111959713987759,-0.0097965206371296
851,0.1371801108048508,0.1063687970940181,0.07172495982121,-0.180480621623009,-0.1783880169391276,-0.0420839699348118
852,0.2095200496725298,0.0952542103208192,0.0092291920980566,-0.2024652585309942,-0.1657364402284143,-0.1094466895235836
853,0.2307672758521201,0.1436497474441936,0.0371515130771559,-0.1303931405715647,0.0293176722629505,0.131861707173283
854,0.2802487115183006,0.1083071925528096,0.1430802620490877,-0.0469081262195124,-0.0605180599732223,0.0626243202149514
855,0.2624128583942828,0.1885177260895935,0.1279721029927014,-0.1339800831023906,-0.0498896644240716,0.0132728681813234
856,0.3913856341160365,0.2994165501357724,0.179267130949589,-0.113732053770017,-0.1305492155596566,0.0526921775936603
857,0.4022895706007588,0.2769697932577789,0.1352547781014154,-0.0317304250436003,-0.0495499412254682,0.2050047077146765
858,0.3794968973075139,0.2366891652018772,0.1323326578737251,-0.0852346661928559,-0.0275605672446649,0.1644767114520571
859,0.3333476016963501,0.1920693880585924,0.1552172324751728,-0.1185451754971535,-0.1056366184816371,0.2058536951210459
860,0.2833305964681759,0.1719419440898108,0.0217539447893045,-0.1258750374070125,-0.173622239955926,0.0778532161878042
861,0.2524896930633366,0.2046494171139388,0.1045526659515511,-0.0934858572653917,-0.0650144148181641,0.0452329369866667
862,0.2557427143684326,0.1750456130879351,0.1433022277993894,-0.1157299769558182,0.0308574744991091,0.0260510282385193
863,0.164922763011251,0.0372278350087861,-0.0826455935258311,-0.0918944688022126,-0.1076099008644577,0.06026947843623
864,0.2075696854593883,0.0935850106075553,-0.0153303881022921,-0.0626680036562997,-0.1006524247768741,0.1353002026466186
865,0.2073462962988561,0.1880044470443352,0.0661066290770436,0.0130253401918666,-0.0524847248013919,0.1354729905762469
866,0.2330900685022254,0.1991949111140433,0.0715137466937421,-0.036903661560776,-0.0595816353790736,0.0812434780235246
867,0.1580922773946066,0.1553587124555528,0.1206579863664381,-0.1136858865924028,-0.0425770365220269,0.0241187200172067
868,0.189079729847489,0.1031111717416885,-0.0060028967556358,-0.0620642667991464,-0.070474746400268,0.0604680280648841
869,0.2345476934900173,0.2086635084264029,0.07294193708213,-0.0545375261865775,-0.0568656261944165,0.0404000859351085
870,0.2664093781307394,0.1960294960424981,-0.0001654205174459,0.00565499540079,0.0134573153714607,0.1877182315810356
871,0.2373227516108245,0.201704685522547,0.1093177891111581,-0.0221798673326997,-0.0584473364066665,0.0924599746912556
872,0.1957360276692081,0.1364033194299246,0.0643468538817852,0.0106392127692103,-0.0328688338912169,0.1132026843411062
873,0.2541297667986308,0.1783928399319987,0.0916858017916934,0.0487637405940429,0.0214301761326623,0.1598426754405315
874,0.2785557764903257,0.227242352265117,0.0993830714077863,0.1400589008469816,0.0667144290355293,0.1497152103477178
875,0.1893606383799928,0.1493489318031159,0.0834825129524662,0.1038450732152796,0.0492812894901169,0.0943390444427609
876,0.2033927605092533,0.1983349924876469,0.1353887700268581,0.0625312990213687,0.0348693097206737,0.1639456263682414
877,0.2849486531860687,0.1837779435999688,0.1466245764948548,0.0507156026344914,-0.0697083323147682,0.0970643958035983
878,0.2349920102489552,0.1626002747002941,0.1670576794858574,0.004700698258717,-0.0774451041390145,0.1309826138807512
879,0.2639233635955781,0.1308521288085839,0.0926247956996233,0.0564163760834516,-0.0368006985797213,0.1675508568815735
880,0.2195330020483571,0.220123705397848,0.0623641972327941,-0.023882798880577,-0.0324385474807321,0.1149339554815446
881,0.2285777882453094,0.1919419572978221,0.161328051633884,-0.0004420123291334,0.019193681162286,0.0943481885198554
882,0.1854818533069285,0.1881899546246875,0.049870461258115,-0.0320773307255346,-0.0663385077816884,0.0900058943312724
883,0.2249013844063344,0.1046724519236828,0.1158890590521535,-0.0231963556583634,-0.0481396885957868,0.0629313004380261
884,0.2067023802010708,0.1378742099500938,0.054089587077858,-0.0604250000729159,0.0243310914421556,0.0073066294326503
885,0.2304745530022141,0.2116942572111249,0.1610319816261751,-0.046595077253182,-0.0362743501871471,0.0948866004483989
886,0.2150074666568862,0.2010516900097642,0.1135082339921524,-0.1190028610884623,-0.0132069217244671,0.1232450738050816
887,0.206473737057711,0.1508852507926689,0.0625247268638736,-0.1292253878517462,-0.1618474472347146,-0.034396674193147
888,0.2420303634998471,0.1270577519442794,0.0689425114997389,-0.0872160827016732,-0.0260469726283848,0.0094859723939327
889,0.2286794040822925,0.2116820161097012,0.0759630684613051,-0.0717085660787328,-0.0093809394203637,0.1320473621720174
890,0.2509695356249019,0.1576474910038373,0.0828477220456193,-0.1204801114820616,-0.0866395664168145,0.1133690720339117
891,0.2191320524590607,0.1675101592370242,0.0468929501669176,-0.111854606863463,-0.0131410024714816,-0.0353640647665503
892,0.1496139164769303,0.0877077716612522,0.031105116870563,-0.170028928427051,-0.0542941766873418,-0.0089843247109713
893,0.1412868742605952,0.0601243159234999,0.0515033587677402,-0.0642862654729983,0.0091570085382446,0.1632150432990931
894,0.0791843004393046,0.0554318781911602,0.0046198769483011,-0.1092138442510365,-0.0861727862881254,-0.0056968412397356
895,0.1475102035998408,0.0657022666658798,0.021019946727748,-0.1131395562215095,0.0460500313040135,0.0718751168804565
896,0.1643440138632735,0.0743174985001149,0.0554566163207898,-0.1870782327880012,-0.1251529164529805,-0.0250082900856101
897,0.1330662558283723,0.19059542591015,0.1422201841042475,-0.1194757821229766,-0.0031932210222364,-0.00320810182436
898,0.1601855936149551,0.0395527077262194,-0.059648796278907,-0.1433899453588813,-0.0708950880597818,0.0228629148636239
899,0.2178922456200059,0.1180793921695608,0.0309912637648304,-0.1301221251040426,-0.0889431026202089,0.0303177339265109
900,0.2477055889817335,0.1268675027720633,0.0996144549744461,-0.183509758893725,-0.1488341615474417,0.0152088035619467
901,0.2577929278856724,0.1668653654329604,0.0744125137517065,-0.2164771201957436,-0.2347585387429397,-0.0590052092899847
902,0.2149514001116615,0.1739803633439905,0.1364212715918375,-0.2719367815103964,-0.100085102040016,-0.0415969332862955
903,0.2922935430814231,0.2432866743604098,0.1191287940842065,-0.2012379670972387,-0.0538636611513071,0.0133036821186598
904,0.1442440601855494,0.0955065905734411,0.0247770062680464,-0.1681794678762242,-0.0556319917826873,0.0367972393085635
905,0.2259382526342288,0.110107914247504,0.0532919668649229,-0.1944686955523934,-0.0771657460892311,-0.0704860505799289
906,0.2111364782064285,0.1101537822345963,0.0753460794314181,-0.178023169188762,-0.0503879468686025,0.0552406044848342
907,0.1664183534934218,0.0823320180614094,0.0385060426565228,-0.2079326540883457,-0.1456862376228458,-0.053024011360397
908,0.1518467092060792,0.1633174916421725,0.1322750471455683,-0.1305021438367435,0.0045460390677429,0.044758905766051
909,0.1490151852961007,0.0491044704453401,0.0140042172752285,-0.1757865717200634,-0.0662805240918298,-0.0214901479743539
910,0.2143067862416864,0.1838373311508622,0.1315906893154168,-0.1943854079900172,-0.1209219350964946,0.0736640333837292
911,0.2314051753251181,0.2239191372444438,0.1408124888434951,-0.1854712113428238,-0.0100185928053764,0.0389356992252025
912,0.2711255532889172,0.2287078143359345,0.1856539582600217,-0.1724676390810602,-0.0459059667514222,0.0197082959204304
913,0.2353078181299246,0.2159191863161372,0.0876089966148808,-0.1291780083430278,-0.1211440084945205,0.1363879530388086
914,0.1823908320193267,0.1963911085132091,0.0016931045976074,-0.2094521596336603,-0.1147764664254174,0.0136887580498536
915,0.116823244014476,0.0235201373738348,-0.0253115307064606,-0.1406262559286166,-0.0632851748833285,-0.0855414425829577
916,0.0373757146452491,-0.0789233283552767,-0.0635203537824672,-0.0588454813177203,-0.0566830803520258,-0.0845946756695857
917,0.074446167993162,0.1119232987485168,0.0277268392031328,-0.0865422316375289,-0.0516602311282164,0.0514318631572822
918,-0.0005518517829973,0.0044001890318847,0.0250939262295361,-0.063449881932495,-0.0019267380485527,0.0672385683674032
919,-0.0570505826654059,-0.065643427213535,0.0406572640466778,-0.0886921168464579,-0.0871496390329744,-0.0560673315406592
920,-0.0375655414433872,-0.1293348219653172,-0.0547744310982555,-0.1508922829854939,-0.0960086335281505,0.02905598889416
921,0.0468756197953653,0.1355858784112434,0.1123604051548153,-0.0044290797270368,-0.1210152315396794,-0.0024565806413877
922,0.0354932181148918,-0.0450793737896081,-0.0129810337070051,0.0580726015215127,-0.04266212049432,0.0854036702808805
923,0.0322798392744922,0.0261110115898045,0.0188081062073631,0.045209444417948,1.4888433086723827e-05,0.0322928999569859
924,-0.0293625289980477,-0.095363541696552,-0.1102796883692392,0.0106488145293002,0.01447339890068,0.0338743124217556
925,-0.0130473929070361,0.0113079148045244,-0.0329571388557036,-0.0393659097202724,-0.0094248320247155,-0.0638743505410812
926,0.0604892575045077,0.0078689621247341,0.0039398876634588,-0.1517700738346395,-0.0766982395632463,-0.089171668845634
927,0.0990779991961629,0.1078656909006908,0.0403537945178206,-0.1419787181070899,-0.1253451037101332,-0.0084911527214221
928,0.0792393189508979,0.104953588778587,-0.0557574749513488,-0.0530819551145113,-0.0635049681792097,-0.0171478679299177
929,0.0812675006061631,0.1190799181672487,0.0191478509404768,-0.0798480308106377,-0.0367870516655469,-0.1335613495243213
930,0.1169613279051474,-0.0060108611386938,-0.0630941653746828,-0.0787959072577969,-0.008313855901661,-0.0236800863423943
931,0.1088490976781866,0.0073183172581638,0.0940633105746048,0.0127315777500093,-0.0103928954470565,0.0884615126671245
932,0.12338035212477,0.0674847605366098,0.0006396386779597,0.0449541696036883,0.0635109275311845,0.0447935559764112
933,0.0600470103607824,0.0170315167312889,-0.0803312136042708,0.1449264251731855,-0.0014603361222908,0.0538489268600438
934,0.0656758462876231,-0.0019713524494765,0.0113216099082254,0.1374131108170191,0.0163876162633206,0.1069597122020259
935,0.076152616360439,0.0809505827495011,0.0649422798672723,0.1015686903445595,0.0553332506884867,0.0039412880794039
936,0.0389520484271692,0.031617605509066,0.0225685908608463,0.1062552372754527,0.0516937621816228,0.1296685626738011
937,0.0495839849972376,0.0788534419866126,0.0824416075368795,0.054777595714333,0.0613961678415235,-0.0084871243504595
938,0.0282048454391687,0.1024306341176631,0.0355623602650839,0.0291018833715029,0.0617355894547859,0.0493198082569023
939,-0.0008030049398649,-0.0025118959861153,0.0085177426996308,0.0299037541506064,0.0072829394331767,-0.0141471688167161
940,0.0598578656526427,0.0384751534274677,0.0594093856337975,0.0566289039713998,-0.0089417882588546,0.0813247428032233
941,0.067756141761862,0.0507149992332888,-0.0264869304763421,0.1028100896238899,0.117448968326679,0.0890986460201179
942,0.0123477930860748,0.0058332540395916,-0.0486414300441876,0.0412532042558638,0.0035063691542382,0.0312704494011349
943,-0.0442894251854454,-0.0570264788740365,-0.0910304456180955,0.0483782969551121,0.0665445912377712,0.0121873732904179
944,-0.0198515064965574,-0.0306850414442961,0.0005850354574466,0.0586650977404998,-1.823524805941862e-05,0.0411194207877472
945,-0.1424656881177369,-0.0966695912522899,-0.0456366578052978,0.1404577932905152,0.0168565729612147,0.062177980529816
946,-0.136795227676681,-0.059012430398255,-0.0442502513105445,0.1190971246683285,-0.0692444926037948,0.0019659164291347
947,-0.1574564770850785,-0.1394654870853549,-0.0335108015792513,0.0884798066495353,0.189488937774834,0.0476929444069143
948,-0.200439885918668,-0.163165273012689,-0.0424473023772226,0.1008822415599094,0.1195972371520675,-0.1245671657017457
949,-0.169423680679898,-0.0218558118572643,-0.015605707510924,0.0253549651177104,0.072320162363452,-0.1023975489606736
950,-0.1990490362585445,-0.1683349516848262,-0.1350925534153509,0.0077219965959375,0.0598930303382861,0.0211357035485566
951,-0.1863608942280702,-0.0376660072309517,-0.00506811796282,0.0290967642796433,0.0490027089615811,-0.0799172564877445
952,-0.1812831076839467,-0.062184950816449,-0.0324987223651981,0.0463682428233644,0.0269315808382913,0.0836044274327194
953,-0.1338466562984541,-0.0418576074759679,0.0003952362983942,-0.0588689141661045,-0.0499263586123922,-0.1129470752554812
954,-0.1221177145497755,-0.0901605457553725,-0.0765688959848762,-0.0681636266937742,-0.1479056008974502,-0.0808663858066759
955,-0.0523113424189732,0.0032728341725438,-0.0556442338108121,-0.0775651695732861,-0.0282911937577764,-0.0374468276046425
956,-0.1211668177672172,-0.1473998789246843,-0.0414981302196299,-0.1008092314956529,-0.0582282312819852,-0.084312463027813
957,-0.0972172931864549,-0.0181358289842046,0.0386964773634901,-0.0653103307687345,0.0207453302004187,-0.1064197148691028
958,0.0375583231613253,-0.0577140390582658,-0.0560414830249526,-0.1367512309418983,0.0076807084429492,-0.0515390822467847
959,0.1149843871201676,0.1051159623576711,0.0277388665147678,-0.0667197236087467,0.0282093050982975,0.0424569852361983
960,0.1327597383269749,0.0154333014552613,-0.0135895490884471,-0.0170564761468691,-0.0318026382116903,0.0828313962913231
961,0.1681993049981699,0.077740906214078,0.0595635013603069,-0.044304227866935,-0.0858052065535072,0.0877752663642454
962,0.2379193560704153,0.1655392518571349,0.0698634803484808,-0.0250158884254792,0.0255143185075934,0.0342718299249636
963,0.2055404042951785,0.115023045528112,0.0650725041129172,0.0114016928220085,0.0527536401851048,0.2265261872378935
964,0.1054097186750225,0.0145773411877873,0.0118718255803579,0.0485904297927288,-0.0049808440278804,0.080930732424265
965,0.0853182908011083,0.0537357426276114,0.0062507333268371,0.0066731236422221,0.0545506031714234,0.002008619991154
966,-0.001115615880604,0.0190886164098032,-0.0127996056888978,-0.0186994679955146,-0.0004426692144072,-0.002555201924626
967,0.0672784252596118,0.089774263799482,0.0120917430030352,-0.0834701771443899,-0.0943634153486629,0.0411206214679621
968,0.103977975137171,0.1718155510792074,0.1291738290434092,-0.0438594422481642,0.016084065894104,0.0272529276718325
969,0.0311250388113894,0.0824342969953652,0.0519072872621669,-0.0544178998501954,0.0134970731667031,-0.0699936054300377
970,-0.0224820557196962,0.0633595762245715,0.098031533161149,-0.1173478166500116,-0.022322454944796,-0.1296495972411628
971,-0.0871361485803492,-0.0930935900427073,-0.1121913488829437,-0.1325648909736645,-0.1069699643164576,-0.0974533585344914
972,-0.0775548890601932,-0.048167273940285,-0.0243128532453512,-0.143432436695138,-0.0601894820638703,0.0169610455603303
973,-0.0891596266798185,-0.0254009445749606,0.1471246953802528,-0.1377197399742213,-0.0850017918095921,-0.0319306802728899
974,-0.1047728856721055,-0.0594401992117495,-0.0459541774657859,-0.1134249750316548,-0.0782352200996353,-0.1067004183432697
975,-0.0939393878991124,0.0065205861949602,-0.0039627275410677,-0.1391761336155949,-0.0709747851313078,-0.065135297012194
976,-0.1692400038386071,-0.0873194260145249,-0.0504442870177791,-0.0820654699696914,-0.0354528030472824,-0.0889269167800763
977,-0.2193542131094439,-0.1109259512176922,-0.0714404744672806,-0.0871557104115498,0.0029775696195643,-0.1733760630770063
978,-0.2589773264879997,-0.1364210036971009,-0.0559183151878835,-0.1378611623192196,-0.0918988674556832,-0.1518595838052169
979,-0.2396830875230947,-0.2430903410190829,-0.1713713857626466,-0.1525411822045409,-0.0501229191052185,-0.082971308839148
980,-0.2566023369360422,-0.2492039263626626,-0.054130521164158,-0.1377333434652127,-0.1565358913197718,-0.1787111274463161
981,-0.312149394255361,-0.2320442658260872,-0.0784475176213191,-0.1384937733244024,-0.1522943838567608,-0.260428985624779
982,-0.2713214309089971,-0.2088798359528026,-0.0618543065091313,-0.0712811447829848,-0.039404937113882,-0.2154200274880163
983,-0.2985494841347054,-0.2109839192660696,-0.1198756788167004,-0.2191662083593343,-0.1026922855026726,-0.1930938417082773
984,-0.2660157846989131,-0.1849703469668827,-0.0491420032711756,-0.2240325968234295,-0.0318278751333026,-0.279662096171298
985,-0.3286813217386083,-0.1922940867154166,-0.0520190441047631,-0.2367810390376672,-0.1068946036794845,-0.2013995067213831
986,-0.3629316910471709,-0.2525465154674763,-0.1716857205822424,-0.1530030572353017,-0.1444691780079512,-0.2374413198975304
987,-0.3292110326456979,-0.2247003121927949,-0.1103328149970192,-0.0591136070840869,-0.0892933023534607,-0.1655078920555631
988,-0.2739794040970347,-0.118405686533989,-0.0710246162767849,-0.0793901557663072,-0.0985854490866835,-0.1816236680861516
989,-0.3318688260824325,-0.2707036039803843,-0.0889257262675982,0.0267481227448018,-0.0248057671088808,-0.1609001487027462
990,-0.244204873050268,-0.0671780865526469,-0.0570589493305215,0.036073623183209,-0.005728283852933,-0.1161752846432732
991,-0.2169296045118367,-0.0749329534936911,-0.0857088702996579,0.1058214219526507,0.048691467399389,-0.0265376658736988
992,-0.1730821758923114,-0.144595307226631,-0.0038901879739904,0.0422430511009951,0.0899414037016427,-0.0260741804585746
993,-0.1648694894444368,-0.0566786965965434,-0.1168479609193981,0.0714477537629991,0.1153810606862374,-0.0760656958415787
994,-0.1570789948464995,-0.0657995254945464,0.0007159005549017,0.1402439095948751,0.1065645101530205,0.0393189795161499
995,-0.1326025779159531,-0.1052312330149864,-0.0724672227504066,0.1735909729680551,0.1541035888533274,-0.0405686909311777
996,-0.0823608664241621,-0.0830988509999991,-0.0311515898385731,0.2205906094336324,0.085560540397252,0.1017069525100837
997,-0.0837497745980198,-0.1051028258012301,-0.0706592066071253,0.1711813809368213,0.1694461330662208,-0.0164027693716901
998,-0.0360386169103118,0.0091065347569133,-0.0240779152836958,0.0978991005870262,-0.0038485675480117,-0.0095857256451114
999,-0.0765721900470712,-0.0744210823014975,0.0061804184700002,0.1095545639409846,0.0704378644686085,0.0114181804156009
0,0.14786,1.19079,0.71012,-0.111,-0.05162,0.4206
1,0.13425,1.00981,0.69718,-0.1019,-0.05636,0.39201
2,0.12318,1.18499,0.69427,-0.11472,-0.04139,0.37149
3,0.14982,1.11823,0.72979,-0.12084,-0.0347,0.41795
4,0.1384,1.10308,0.70719,-0.12199,-0.06078,0.3936
5,0.13377,1.17337,0.74538,-0.1148,-0.06509,0.37468
0,0.13591,1.10444,0.7653,-0.13985,-0.04215,0.42518
6,0.15034,1.06164,0.69816,-0.12733,-0.03766,0.40834
1,0.1277,1.17123,0.76569,-0.10245,-0.04516,0.39164
7,0.10548,1.12353,0.64101,-0.09181,-0.05353,0.37375
2,0.13956,1.14679,0.73555,-0.12522,-0.03752,0.40935
8,0.13083,1.1828,0.66148,-0.1576,-0.05506,0.39136
3,0.12831,1.06132,0.66446,-0.10357,-0.0473,0.36906
9,0.1297,0.99889,0.6315,-0.10822,-0.04096,0.39808
4,0.16678,1.0569,0.64565,-0.12579,-0.03569,0.395
10,0.14038,1.093,0.74401,-0.14074,-0.04527,0.41279
5,0.15203,1.16233,0.83514,-0.14173,-0.03465,0.44114
11,0.14153,1.10049,0.77387,-0.12695,-0.04398,0.43466
6,0.13753,1.13408,0.77864,-0.1137,-0.05378,0.41964
12,0.11998,1.17713,0.65551,-0.10396,-0.04378,0.41703
7,0.13307,1.22497,0.67529,-0.12082,-0.04964,0.3903
13,0.14382,1.13681,0.70145,-0.13541,-0.04865,0.43519
8,0.12509,1.15615,0.64261,-0.11168,-0.05018,0.40519
14,0.13712,1.04377,0.71137,-0.12562,-0.04581,0.39613
9,0.13911,1.12423,0.69972,-0.12646,-0.06589,0.40049
15,0.13479,1.01004,0.73143,-0.13837,-0.0416,0.40831
10,0.13133,1.19557,0.71246,-0.11399,-0.04433,0.4192
16,0.13556,1.07078,0.70735,-0.11754,-0.04716,0.40657
11,0.15042,1.0495,0.75045,-0.1652,-0.05555,0.42853
17,0.12401,1.16332,0.65934,-0.10689,-0.04984,0.39139
12,0.13979,1.18415,0.70775,-0.098,-0.05713,0.39649
18,0.13317,1.07355,0.70498,-0.1106,-0.03122,0.41993
13,0.12249,1.17483,0.628,-0.10542,-0.05545,0.37966
19,0.14067,1.18053,0.73205,-0.10235,-0.04046,0.3996
14,0.12266,1.06292,0.65023,-0.12439,-0.04411,0.35209
20,0.1355,1.16546,0.72045,-0.10131,-0.0628,0.38407
15,0.13236,1.05862,0.71134,-0.12973,-0.04869,0.38433
21,0.12412,1.15383,0.75983,-0.12536,-0.04673,0.38913
16,0.12458,1.14544,0.70006,-0.10476,-0.04058,0.44136
22,0.13055,1.16412,0.73162,-0.11075,-0.06104,0.42987
17,0.146,1.09754,0.65786,-0.10814,-0.05136,0.38477
23,0.13397,1.11091,0.73353,-0.12725,-0.06047,0.41253
18,0.13721,1.11059,0.75729,-0.14069,-0.08679,0.40196
24,0.14384,1.11743,0.72263,-0.11903,-0.05017,0.39577
19,0.1286,1.16893,0.63859,-0.13716,-0.04043,0.3938
25,0.12377,1.09622,0.75583,-0.11715,-0.04839,0.389
20,0.1461,1.14877,0.70874,-0.12888,-0.0596,0.37243
26,0.13887,1.16627,0.70381,-0.12709,-0.04059,0.38925
21,0.14585,1.06925,0.7443,-0.13919,-0.05732,0.389
27,0.13828,1.06159,0.69005,-0.10252,-0.05389,0.3956
22,0.13836,1.1649,0.71293,-0.12682,-0.04212,0.4228
28,0.14403,1.06356,0.77443,-0.11857,-0.04288,0.4069
23,0.13455,1.07902,0.72335,-0.13908,-0.03895,0.42019
29,0.12102,1.15197,0.70355,-0.09407,-0.0439,0.3792
24,0.13999,1.0485,0.72658,-0.14498,-0.03798,0.40388
30,0.12029,1.14654,0.63726,-0.10896,-0.05036,0.41303
25,0.14704,1.13221,0.72355,-0.12366,-0.05201,0.42504
31,0.11382,1.04926,0.64224,-0.09869,-0.04781,0.35575
26,0.13667,1.06157,0.68199,-0.121,-0.05764,0.36279
32,0.15014,1.01645,0.68663,-0.1441,-0.03041,0.37613
27,0.1307,1.17383,0.70792,-0.10442,-0.06232,0.40239
33,0.14071,1.08602,0.72285,-0.10344,-0.06631,0.38969
28,0.13633,1.16462,0.71618,-0.13153,-0.02768,0.36059
34,0.13493,1.11497,0.62533,-0.11331,-0.04952,0.41178
29,0.14937,1.14847,0.72617,-0.13079,-0.0305,0.40797
35,0.12256,1.07746,0.66959,-0.13842,-0.04735,0.39787
30,0.14626,1.09525,0.71905,-0.13284,-0.04142,0.39801
36,0.12248,1.11519,0.70692,-0.14427,-0.05375,0.39985
31,0.11361,1.19122,0.7014,-0.14123,-0.08059,0.41177
37,0.1346,1.09758,0.70176,-0.15089,-0.03971,0.37942
32,0.12139,1.13968,0.67688,-0.09265,-0.04958,0.39787
38,0.14507,1.02307,0.62988,-0.13123,-0.04302,0.39445
33,0.12446,1.16541,0.65565,-0.11052,-0.04884,0.36375
39,0.12348,1.18206,0.70604,-0.14322,-0.05295,0.38483
34,0.14304,1.10998,0.73078,-0.12346,-0.05952,0.39789
40,0.14178,1.06671,0.7498,-0.11819,-0.03715,0.43158
35,0.12049,1.11413,0.63382,-0.105,-0.04767,0.38857
41,0.14252,1.04774,0.70257,-0.1302,-0.04891,0.39421
36,0.14311,1.02455,0.70405,-0.11758,-0.05647,0.38095
42,0.12017,1.0841,0.64527,-0.11524,-0.06254,0.3737
37,0.1541,1.11155,0.73428,-0.12234,-0.06257,0.42464
43,0.12775,1.03276,0.73734,-0.11738,-0.06774,0.39277
38,0.14339,1.14628,0.74389,-0.13365,-0.03562,0.42211
44,0.14922,1.16109,0.79532,-0.15282,-0.04921,0.43129
39,0.15045,1.08731,0.77219,-0.12556,-0.02714,0.38875
45,0.15096,1.09078,0.70981,-0.11707,-0.04703,0.42724
40,0.13961,1.16062,0.71569,-0.13073,-0.04719,0.41065
46,0.12869,1.09026,0.75889,-0.13971,-0.05354,0.4269
41,0.12806,1.06698,0.68294,-0.09338,-0.0431,0.39635
47,0.11375,1.13414,0.64579,-0.12852,-0.04804,0.38214
42,0.15081,1.20451,0.76926,-0.1411,-0.03765,0.41417
48,0.15248,1.10294,0.72091,-0.11161,-0.0182,0.39329
43,0.1392,1.01986,0.66594,-0.12655,-0.04761,0.40795
49,0.14172,1.1106,0.72701,-0.12917,-0.05172,0.39091
44,0.13221,1.23487,0.73999,-0.13192,-0.04009,0.42955
50,0.14053,1.09567,0.72429,-0.13993,-0.07052,0.40615
45,0.1075,1.17729,0.7311,-0.10474,-0.04992,0.41026
51,0.14065,1.19242,0.76443,-0.11739,-0.03074,0.43798
46,0.13279,1.05607,0.65355,-0.11896,-0.05074,0.36525
52,0.12324,1.11154,0.71008,-0.10988,-0.05381,0.37896
47,0.16156,1.05957,0.73299,-0.127,-0.02176,0.40776
53,0.1198,1.17422,0.69765,-0.09246,-0.06249,0.38869
48,0.12224,1.08741,0.68055,-0.13338,-0.06847,0.37475
54,0.1383,1.13189,0.6996,-0.12958,-0.03042,0.37537
49,0.13743,1.05401,0.65498,-0.11743,-0.04812,0.39512
55,0.13761,1.11276,0.71905,-0.13749,-0.05173,0.39342
50,0.12186,1.15702,0.67878,-0.11408,-0.06221,0.37167
56,0.12386,1.15302,0.75948,-0.12402,-0.04259,0.43101
51,0.12839,1.11326,0.63935,-0.09948,-0.04434,0.37739
57,0.13266,1.11544,0.70007,-0.11764,-0.07357,0.41452
52,0.14672,1.09514,0.7196,-0.11792,-0.06229,0.38501
58,0.1423,1.09255,0.68894,-0.15312,-0.05385,0.36545
53,0.13237,1.09786,0.70561,-0.1235,-0.07402,0.40308
59,0.13142,1.14041,0.68187,-0.09741,-0.0636,0.3523
54,0.13953,1.02692,0.68693,-0.12152,-0.04823,0.36771
60,0.1295,1.14155,0.68543,-0.11643,-0.05091,0.3809
55,0.12339,1.16894,0.73051,-0.12833,-0.02718,0.39672
61,0.12585,1.11131,0.65878,-0.11487,-0.02851,0.38883
56,0.15091,1.13258,0.72595,-0.12012,-0.03548,0.41769
62,0.12348,1.19499,0.71493,-0.12872,-0.04523,0.41094
57,0.14463,1.10884,0.71363,-0.13092,-0.0456,0.4009
63,0.14987,1.16383,0.68657,-0.13646,-0.0511,0.40723
58,0.12458,1.15064,0.64322,-0.09399,-0.09401,0.37278
64,0.13061,1.04257,0.70693,-0.14037,-0.06275,0.36861
59,0.11817,0.98433,0.58441,-0.10333,-0.05122,0.33552
65,0.13054,1.15249,0.73771,-0.12145,-0.03984,0.39846
60,0.13211,1.07058,0.70472,-0.11283,-0.06129,0.38812
66,0.13983,1.09972,0.6797,-0.13021,-0.06514,0.40142
61,0.15297,1.11262,0.72831,-0.12321,-0.04351,0.41429
67,0.13411,1.14763,0.75062,-0.1039,-0.05061,0.42401
62,0.14041,1.08816,0.72063,-0.11149,-0.02554,0.38472
68,0.13954,1.13902,0.69156,-0.14376,-0.06156,0.40717
63,0.13264,1.18361,0.72598,-0.12365,-0.04358,0.41313
69,0.12164,1.18844,0.66823,-0.12875,-0.04615,0.40518
64,0.13518,1.09052,0.70689,-0.13848,-0.05023,0.38885
70,0.15658,1.02188,0.78945,-0.13268,-0.0477,0.43204
65,0.14382,1.12984,0.72782,-0.14118,-0.05195,0.41841
71,0.14895,1.01166,0.74222,-0.15084,-0.03387,0.41424
66,0.15187,1.09855,0.75477,-0.13391,-0.0407,0.4258
72,0.12464,1.23284,0.69253,-0.12005,-0.05981,0.3947
67,0.13764,1.09011,0.70857,-0.12824,-0.05527,0.40131
73,0.13851,1.13571,0.71237,-0.15577,-0.07211,0.40894
68,0.13209,1.20542,0.74996,-0.12844,-0.06094,0.41276
74,0.1352,1.15802,0.66588,-0.08868,-0.05935,0.38911
69,0.11636,1.11215,0.66008,-0.11642,-0.04181,0.37301
75,0.1282,1.15798,0.70848,-0.10494,-0.05609,0.39441
70,0.13597,1.13533,0.75219,-0.13814,-0.03919,0.4371
76,0.12828,1.15944,0.62905,-0.12089,-0.05084,0.38301
71,0.13552,1.1232,0.70531,-0.14738,-0.06951,0.3897
77,0.13753,1.13097,0.71061,-0.12195,-0.0413,0.37724
72,0.15091,1.12514,0.72846,-0.1528,-0.04793,0.43456
78,0.11752,1.17604,0.67647,-0.15001,-0.05919,0.37518
73,0.13172,1.01104,0.65271,-0.10877,-0.04027,0.3678
79,0.13217,1.04093,0.70611,-0.11598,-0.06716,0.3677
74,0.14147,1.13551,0.72307,-0.12654,-0.0473,0.38335
80,0.14422,1.1269,0.70842,-0.13484,-0.05754,0.40723
75,0.12994,1.15794,0.71076,-0.10141,-0.01511,0.43885
81,0.10222,1.12812,0.59584,-0.07621,-0.06122,0.37478
76,0.13704,1.15818,0.71677,-0.10396,-0.03971,0.40832
82,0.14559,1.14362,0.70375,-0.1118,-0.04147,0.39729
77,0.13748,1.04505,0.68034,-0.16398,-0.0537,0.41378
83,0.13832,1.13993,0.6838,-0.13227,-0.0548,0.40509
78,0.14931,1.12178,0.71897,-0.11579,-0.0478,0.42688
84,0.12734,1.10598,0.71291,-0.10217,-0.02408,0.37487
79,0.13307,1.14787,0.68191,-0.09995,-0.05905,0.41149
85,0.1432,1.18487,0.6837,-0.11239,-0.05158,0.3731
80,0.12752,1.06623,0.70972,-0.12127,-0.05955,0.39144
86,0.12275,1.12876,0.66003,-0.11802,-0.05974,0.37812
81,0.14012,1.11573,0.68477,-0.11241,-0.05366,0.40306
87,0.14042,1.05156,0.68684,-0.14191,-0.06316,0.39546
82,0.12422,1.11152,0.67365,-0.1333,-0.05768,0.39133
88,0.11993,1.21114,0.67858,-0.12022,-0.05476,0.37804
83,0.13403,1.11111,0.70153,-0.12327,-0.05154,0.38353
89,0.13089,1.15577,0.64369,-0.11195,-0.07072,0.37459
84,0.12198,1.13584,0.6576,-0.10179,-0.06043,0.36715
90,0.11604,1.13348,0.69208,-0.09584,-0.06407,0.37049
85,0.11827,1.20561,0.64417,-0.10297,-0.05891,0.38485
91,0.1512,1.10347,0.74041,-0.1457,-0.04371,0.4264
86,0.14295,1.16801,0.69538,-0.1331,-0.06756,0.41089
92,0.14954,1.0904,0.71515,-0.1271,-0.07182,0.39869
87,0.14348,1.0216,0.73033,-0.12946,-0.03354,0.3865
93,0.13892,1.16551,0.77402,-0.13933,-0.05713,0.41983
88,0.13763,1.12447,0.65613,-0.14153,-0.03284,0.41199
94,0.15121,1.11988,0.74616,-0.17452,-0.05088,0.3995
89,0.14707,1.08588,0.66259,-0.12332,-0.05887,0.38872
95,0.13563,1.1586,0.69313,-0.11689,-0.05561,0.38458
90,0.13359,0.95974,0.6892,-0.12876,-0.04943,0.36601
96,0.13852,1.08131,0.66586,-0.15449,-0.0619,0.38704
91,0.12453,1.21772,0.71669,-0.09957,-0.04755,0.40068
97,0.14077,1.06155,0.69724,-0.12615,-0.04759,0.37529
92,0.13684,1.15718,0.71758,-0.15276,-0.03981,0.41172
98,0.13846,1.11667,0.64905,-0.10659,-0.06191,0.39385
93,0.14906,1.12192,0.76793,-0.13756,-0.04417,0.40003
99,0.14657,1.096,0.70369,-0.13459,-0.02908,0.43613
94,0.15223,1.20997,0.80145,-0.1296,-0.07692,0.43286
100,0.13775,1.05992,0.69194,-0.1065,-0.06689,0.38432
95,0.13078,1.12066,0.68404,-0.11156,-0.05019,0.39033
101,0.14847,1.07122,0.72888,-0.14721,-0.06391,0.40829
96,0.143,1.01871,0.68083,-0.11715,-0.03564,0.38446
102,0.1356,1.1037,0.69291,-0.10709,-0.06324,0.39175
97,0.14778,1.08351,0.74169,-0.12371,-0.05085,0.40734
103,0.13225,1.15789,0.6466,-0.10626,-0.06999,0.38646
98,0.14539,1.11448,0.72534,-0.16174,-0.02797,0.41786
104,0.13841,1.08888,0.74225,-0.13959,-0.05233,0.43193
99,0.11727,1.11652,0.68384,-0.10846,-0.07138,0.35925
105,0.14769,1.09307,0.73449,-0.15611,-0.04834,0.41725
100,0.14597,1.16706,0.69943,-0.11449,-0.06254,0.40998
106,0.12748,1.12949,0.73073,-0.12768,-0.06888,0.38877
101,0.1534,0.99815,0.68622,-0.13436,-0.036,0.38671
107,0.1405,1.09414,0.7033,-0.13781,-0.05758,0.42035
102,0.11644,1.1236,0.72992,-0.12323,-0.04148,0.38986
108,0.12548,1.11399,0.68447,-0.11084,-0.02569,0.36555
103,0.14732,1.12611,0.71241,-0.13792,-0.03659,0.41197
109,0.15068,1.09863,0.73625,-0.1571,-0.05315,0.42932
104,0.13257,1.12113,0.66393,-0.13269,-0.04359,0.39278
110,0.13417,1.07244,0.76342,-0.13669,-0.03686,0.41547
105,0.16144,1.16108,0.74281,-0.13014,-0.07383,0.41227
111,0.14484,1.02222,0.72349,-0.10492,-0.0486,0.38995
106,0.12609,1.17533,0.65854,-0.10574,-0.04179,0.39372
112,0.13841,1.09016,0.76404,-0.13229,-0.04433,0.40046
107,0.14567,1.13777,0.75335,-0.14099,-0.0461,0.42772
113,0.16106,1.16654,0.77825,-0.11844,-0.03714,0.42938
114,0.13093,1.12931,0.7419,-0.15349,-0.02818,0.4241
109,0.1334,1.15944,0.70205,-0.10126,-0.06162,0.40851
110,0.12105,1.14159,0.65372,-0.11937,-0.052,0.387
3,,,,,,
111,0.12654,1.13357,0.69379,-0.11735,-0.04345,0.38439
112,0.1313,1.07028,0.65992,-0.12888,-0.06896,0.40411
119,0.12369,1.20237,0.70524,-0.11526,-0.05188,0.3994
114,0.14418,1.09112,0.66931,-0.1207,-0.05681,0.36337
121,0.12681,1.12502,0.66405,-0.09742,-0.06484,0.38978
116,0.14512,1.07573,0.77407,-0.12345,-0.03572,0.42688
117,0.13756,1.12888,0.74104,-0.13877,-0.06372,0.41682
118,0.13413,1.10537,0.66486,-0.10593,-0.05,0.38925
5
